,filename,suffix,nb_chars,nb_tokens,ratio_alnum,ratio_al,ratio_num,nb_occ_article
0,097c153d24fcda1e4a3202512d0e3baa_summary_en,txt,322,60,0.84472049689441,0.84472049689441,0.0,0
1,fe05be2c0c1a464ab754d6489af3fc16,pdf,13147,3226,0.8271849091047387,0.8083212900281433,0.018863619076595423,16
2,b2c9fa6aa01ebbfa7735fdeb28507efe,pdf,4231,1178,0.8180099267312692,0.8021744268494446,0.015835499881824627,0
3,f9cdd79bc61140ed6bc03380c522719d,pdf,38166,11653,0.810826389980611,0.7776555048996489,0.033170885080962116,31
4,28f2fe5aaf959ea86322064719a8221c,pdf,41059,11307,0.8255924401471054,0.8200151002216323,0.0055773399254731,0
5,2f40b8188debf60ce7267b26dd005d11,pdf,1386,521,0.8073593073593074,0.7604617604617605,0.046897546897546896,4
6,c1feac5448601b891e68757083811224_summary_fr,txt,163,31,0.8466257668711656,0.8466257668711656,0.0,0
7,084f0339cc962328c84555f1ab9160e9,pdf,279,114,0.8064516129032258,0.7670250896057348,0.03942652329749104,0
8,b5cd04c2811f540025c51a92d9f88b97,pdf,4293,1218,0.8085255066387141,0.7836012112741673,0.024924295364546937,11
9,6aa9abfe5879f0fbfc0dbf0731370efe_summary_en,txt,342,61,0.8567251461988304,0.8567251461988304,0.0,0
10,2deecce524641c953c07d3274fc7b4a3_summary_en,txt,283,54,0.8303886925795053,0.8303886925795053,0.0,0
11,c4e23648787432ea45361046498d3c5b,pdf,8291,2412,0.8066578217344108,0.783258955493909,0.023398866240501748,15
12,b64510c3efe1bd8561209c6997218201_summary_fr,txt,770,195,0.7948051948051948,0.7792207792207793,0.015584415584415584,0
13,c395098dee071ebea47a8db44dfb2c2d,pdf,115183,45731,0.7803668944201836,0.6644209648993341,0.11594592952084944,128
14,50d8d3342d6b5b437cdb697d0c2625f2_summary_en,txt,314,62,0.8184713375796179,0.8184713375796179,0.0,0
15,1b36adb1a976b351fc6792cf10f51515_summary_fr,txt,321,65,0.8566978193146417,0.8566978193146417,0.0,0
16,1c17806c7b022028b1b1338be71ca5e8,docx,1910,441,0.8094240837696335,0.8094240837696335,0.0,0
17,db6536ccab9a7255c2cb68dc00b51159,pdf,2600,692,0.7861538461538462,0.77,0.016153846153846154,0
18,c202e9d12c7fc3bfca2950e2f0c1d91b,pdf,6148,1687,0.8160377358490566,0.784808067664281,0.031229668184775537,13
19,d0e1ed635c7b21b7aa4bd71e59dfd107_summary_en,txt,230,40,0.8434782608695652,0.8434782608695652,0.0,0
20,fc88e59377eb65c4dbb34d7efe528414,pdf,3665,978,0.8130968622100955,0.784174624829468,0.028922237380627557,10
21,83cd7b1f684ca3bdd7365420a64f9ba5,pdf,7724,2160,0.8104609010875194,0.7954427757638529,0.015018125323666495,9
22,5ab1925c2d1f2d42af13fd16f5218769,pdf,7458,1971,0.8138911236256369,0.7909627245910432,0.022928399034593726,15
23,9ee59f1f19aca410c0c08f8b5def3561_summary_en,txt,274,47,0.8394160583941606,0.8394160583941606,0.0,0
24,0118a9090dee3aa27b30d3f0fb62ef8f,pdf,9092,2560,0.8057633084029916,0.7842058952925649,0.02155741311042675,9
25,b1b14e480f9d477cfa37686dd6a67a46_summary_en,txt,327,52,0.8532110091743119,0.8532110091743119,0.0,0
26,7fb5ad790148594edf594541cd8f7ec7_summary_fr,txt,318,69,0.8270440251572327,0.8270440251572327,0.0,0
27,206ec30cf3ae638400ae9f0b5467503c_summary_en,txt,445,83,0.8404494382022472,0.8404494382022472,0.0,0
28,45249795a9e832d10139d65826c42908,pdf,6642,1796,0.8164709424872026,0.7874134296898525,0.029057512797350197,14
29,3976ecec7bf1095443bc5fb7a9493f38_summary_fr,txt,782,176,0.8222506393861893,0.809462915601023,0.01278772378516624,0
30,c1db537d59c5fe226d880d024fe30a34_summary_fr,txt,847,205,0.8229043683589138,0.8016528925619835,0.021251475796930343,0
31,dae7dcc87bdb119358655ec9d34be2bb_summary_en,txt,563,133,0.8081705150976909,0.7921847246891652,0.015985790408525755,0
32,5f34b6813d5938c67a11dc17bc752fd2,pdf,6770,2033,0.8079763663220089,0.7793205317577548,0.02865583456425406,12
33,54f45b20e8255ee8c37a3ddfb2040cbc,pdf,17214,4545,0.8173579644475427,0.8145695364238411,0.0027884280237016382,0
34,c9f1470cfd37c959196faa490f6c092e_summary_fr,txt,941,216,0.8108395324123273,0.798087141339001,0.012752391073326248,0
35,bceb5782c051858b5cded85b1fb40740,pdf,7196,2055,0.8054474708171206,0.7833518621456365,0.02209560867148416,8
36,fc88e59377eb65c4dbb34d7efe528414_summary_en,txt,367,69,0.8419618528610354,0.8365122615803815,0.005449591280653951,1
37,64a4abe44cbd8c8b1286fe6c5299bbfa,pdf,11441,3271,0.8189843545144655,0.7943361594266235,0.02464819508784197,11
38,7ccb7c67381570a4897fd38bab1ecf8d_summary_fr,txt,463,106,0.8315334773218143,0.8315334773218143,0.0,0
39,0322324c1ad657966d07dad39c19d5bb,pdf,9514,2808,0.8031322261929787,0.781585032583561,0.0215471936094177,8
40,64952162505ca2e229ec7ad6638bd69b_summary_en,txt,314,55,0.8407643312101911,0.8407643312101911,0.0,0
41,7fb5ad790148594edf594541cd8f7ec7,pdf,3506,1058,0.8003422703936109,0.7778094694808899,0.02253280091272105,5
42,8a0f116d39e6c1d5bc3afb6fdf82ffb9_summary_en,txt,196,32,0.8418367346938775,0.8418367346938775,0.0,0
43,ea81c4ea26f83ef36587a28a40ac53e7_summary_fr,txt,685,144,0.8189781021897811,0.8189781021897811,0.0,0
44,dd178693341cf7a81e2b400fdd3c20df_summary_fr,txt,228,49,0.8289473684210527,0.8289473684210527,0.0,0
45,2bd0eeb51bd21d80636c3e1567644dc2,pdf,3428,1020,0.8211785297549592,0.8010501750291715,0.020128354725787632,1
46,2f40b8188debf60ce7267b26dd005d11_summary_fr,txt,342,75,0.8304093567251462,0.8304093567251462,0.0,0
47,69548b6abab1b44ebc1d4ffd305d357b,pdf,23225,5750,0.8189451022604951,0.8023681377825619,0.016576964477933262,30
48,3bbe7877e0bdafebf848b6a0ba0aacab,pdf,1516,566,0.804089709762533,0.7242744063324539,0.07981530343007916,4
49,058b3d57777afcde21a68d08080df6ee,pdf,8810,2511,0.8069239500567537,0.7801362088535755,0.026787741203178207,7
50,1bd85e44a13d20fd38282f1f1c4832c8,pdf,15755,4781,0.8043160901301174,0.7682640431609014,0.03605204696921612,24
51,7e02607fb3c4550a3c29eeaa830e5b05,pdf,22754,7504,0.8049134218159445,0.7322668541794849,0.07264656763645952,37
52,579ccda4aee7f538030695571e3fa80b,pdf,6855,1996,0.8086068563092633,0.7887673231218089,0.019839533187454413,10
53,f54bbb4bf5f9f0d25ad6799bb0660503_summary_fr,txt,443,104,0.8216704288939052,0.8216704288939052,0.0,0
54,9349058d88d825fbf845b12b0a0002c4,pdf,5142,1654,0.7572928821470245,0.750097238428627,0.007195643718397511,3
55,17d494d541f3f7a7d3b16b5cb0663752,pdf,1643,521,0.8009738283627511,0.7857577601947656,0.015216068167985392,0
56,87ea87487a2663553433497c7b0a4f17,pdf,6962,1918,0.790864694053433,0.7683137029589199,0.02255099109451307,4
57,cbbbf106fda2d74cb5d2d49e78e195f4,pdf,36625,10181,0.8145255972696246,0.7909351535836178,0.023590443686006827,100
58,150dfc12f35b5b33405d08417c03fca3,pdf,42437,11529,0.8127812993378419,0.8013054645710112,0.011475834766830832,0
59,89e530e78ab71ad88cbd7c5bd74d4bb5_summary_en,txt,779,168,0.8177150192554558,0.8023106546854942,0.01540436456996149,0
60,8c0bb47c6baa135bc5fedf4ad94116e7,pdf,6275,1885,0.8035059760956176,0.770199203187251,0.03330677290836653,20
61,ba7726a7ecd1f6de52eec6f830a0eab1,pdf,16452,5025,0.812606370046195,0.7814247507901775,0.031181619256017507,54
62,5ab1925c2d1f2d42af13fd16f5218769_summary_en,txt,177,32,0.8418079096045198,0.8418079096045198,0.0,0
63,92c37e9fb736c0418a671c50e1fb4ada,pdf,5926,2046,0.7593655079311509,0.7531218359770503,0.006243671954100574,0
64,efb965e61138ce13f3b7ed6cb93b71fe_summary_en,txt,609,106,0.8407224958949097,0.8407224958949097,0.0,0
65,0b77afbc3ac9cd1c92a8258c918f85da_summary_en,txt,866,152,0.8267898383371824,0.8267898383371824,0.0,0
66,dc1ee3cfe8a82a9adbd4db0481b6f4cb_summary_en,txt,379,65,0.841688654353562,0.841688654353562,0.0,0
67,c178843304a64bbcc85c2ad9ff7fcda3,pdf,1696,437,0.8201650943396226,0.8095518867924528,0.01061320754716981,0
68,642f2e1f8204bdbae674f5c6f647b1c2,pdf,7833,2985,0.798544618919954,0.7630537469679561,0.03549087195199796,5
69,58cd439e402fe7a2a1ede899008cc7e0,pdf,10616,3260,0.8048229088168802,0.7669555388093444,0.037867370007535796,10
70,6eb77cd9f02e61c68fa3f88e901c42a2_summary_en,txt,141,27,0.851063829787234,0.851063829787234,0.0,0
71,870502493255c73d096f219a8164844f_summary_en,txt,612,124,0.8235294117647058,0.8186274509803921,0.004901960784313725,0
72,c1feac5448601b891e68757083811224,pdf,7812,2274,0.8060675883256528,0.7857142857142857,0.020353302611367127,10
73,e9024da5c714b7668f13aeb6b27873f9_summary_fr,txt,151,39,0.8145695364238411,0.8145695364238411,0.0,0
74,22d0ee93c127df7a7543aa782f3bbd2a_summary_en,txt,480,86,0.8458333333333333,0.8458333333333333,0.0,0
75,2875ec9dd8b441625b1850542142b9f9_summary_en,txt,786,159,0.8320610687022901,0.8193384223918575,0.01272264631043257,0
76,f54bbb4bf5f9f0d25ad6799bb0660503,pdf,11158,3419,0.7993367987094462,0.7764832407241441,0.022853557985302024,9
77,21737be5e605907437c481f7e59d2567_summary_fr,txt,533,108,0.8180112570356473,0.8180112570356473,0.0,0
78,31c5dc9c1ad2405504c3d838632408cd,pdf,19342,6962,0.7783579774583808,0.7057181263571503,0.07263985110123049,22
79,da73df88b06e0646d3509a33287953ba_summary_fr,txt,212,42,0.839622641509434,0.839622641509434,0.0,0
80,8dd75b8a1b9fcb3d6172c6dc602821e8,pdf,96000,33534,0.7868645833333333,0.7122708333333333,0.07459375,87
81,bda604bc922c0bc7e121765183c31710,pdf,9500,2813,0.8143157894736842,0.7890526315789473,0.02526315789473684,19
82,aaac3d98fbd45b27060e0aab5370da8c_summary_en,txt,214,39,0.8504672897196262,0.8504672897196262,0.0,0
83,62f68d7170121d6227cb593f89c960bc,pdf,4382,1425,0.8014605203103605,0.7560474669100867,0.04541305340027385,14
84,c4a2e68af3243bee3d6592672215ff74,pdf,18663,5071,0.8194823983282431,0.788887102823769,0.030595295504474092,21
85,bbf8b955aae90a81cdd9e6cff291ecd2_summary_fr,txt,221,49,0.8461538461538461,0.8461538461538461,0.0,0
86,5edbdb214371a0c666c474ff14d2a9ff,pdf,229851,64386,0.8017019721471736,0.7674449969763021,0.03425697517087156,473
87,f09c87a6c084c8f1ca93145b6c9c1f6a,pdf,4538,1377,0.8047598060819744,0.7774349933891582,0.027324812692816218,9
88,a619867139a455e7260ee685d62d6c43,pdf,18690,5308,0.8087747458533976,0.7904761904761904,0.018298555377207062,20
89,f327a4c3d837a2d94e7dbec4e4c12a31,pdf,31521,8821,0.8102852066876051,0.7773230544716221,0.032962152215983,30
90,21b3e66e5464f54f58cbcaa99a1072f1_summary_en,txt,223,43,0.8251121076233184,0.8251121076233184,0.0,0
91,77957f6fa8d931bef7d36f403136bbd9_summary_en,txt,710,129,0.8323943661971831,0.8323943661971831,0.0,0
92,58cd439e402fe7a2a1ede899008cc7e0_summary_fr,txt,234,50,0.8247863247863247,0.8247863247863247,0.0,0
93,fce6c8b488b7e32f29e6904bd1970aa6_summary_en,txt,233,35,0.8626609442060086,0.8626609442060086,0.0,0
94,ba7726a7ecd1f6de52eec6f830a0eab1_summary_fr,txt,219,54,0.8127853881278538,0.8127853881278538,0.0,0
95,d51f8914dd2cd3226fd3888b29fc50f8,pdf,13207,3491,0.818278185810555,0.8070720072688725,0.011206178541682441,36
96,c1db537d59c5fe226d880d024fe30a34,pdf,5138,1416,0.8096535616971584,0.7989490073958739,0.010704554301284546,0
97,4422d72dc385850c30699c534368b41b,pdf,3933,1088,0.8113399440630562,0.7813374014747012,0.030002542588354945,3
98,7289ae89243c2ad8176f358fd1793fc1_summary_fr,txt,313,60,0.8370607028753994,0.8370607028753994,0.0,0
99,b928e9ff34d630b29630eb3b2fe30c60,pdf,89852,23359,0.8200151360014246,0.790800427369452,0.029214708631972577,169
100,2e886cc981460ba41007b9f8343fc9c7_summary_fr,txt,150,32,0.84,0.84,0.0,0
101,42f2cc2ffab0e35fd3d99b52e92cd72c,pdf,40599,12281,0.8023596640311338,0.7874578191581073,0.01490184487302643,58
102,9fe2f4c47b141ca58a362a5c0a8c53cf_summary_en,txt,3533,710,0.8126238324370224,0.8049816020379281,0.007642230399094254,5
103,ed2ab474f2f7d68b41973c706694f9b9_summary_en,txt,1511,289,0.8226340172071476,0.8127068166776968,0.009927200529450696,5
104,bda604bc922c0bc7e121765183c31710_summary_fr,txt,254,56,0.8385826771653543,0.8385826771653543,0.0,0
105,b64510c3efe1bd8561209c6997218201,pdf,11800,3476,0.8038983050847458,0.7816949152542373,0.022203389830508475,34
106,cb20d0882d1f7ba73c960984ed31e553,pdf,5187,1547,0.8124156545209177,0.7941006362058993,0.018315018315018316,6
107,870502493255c73d096f219a8164844f,pdf,3988,1132,0.8071715145436309,0.7785857572718154,0.028585757271815445,10
108,6525902dc9c3bb971525a1a7786ea721_summary_en,txt,247,42,0.8461538461538461,0.8461538461538461,0.0,0
109,5eb31a81cf4a1012ad675bb8676afd92_summary_fr,txt,522,134,0.7969348659003831,0.7739463601532567,0.022988505747126436,0
110,8c0bb47c6baa135bc5fedf4ad94116e7_summary_fr,txt,824,172,0.8228155339805825,0.8228155339805825,0.0,0
111,83b02c66de23cd13ee70b840e68d925a_summary_fr,txt,1035,262,0.8067632850241546,0.7874396135265701,0.01932367149758454,0
112,be94d80a0dd8b146d92fc7a2decf6db9,pdf,21466,5648,0.8111432032050685,0.8009410230131371,0.010202180191931427,17
113,7b3a7555a7ca66d65a31ff4058ad3d25_summary_en,txt,201,38,0.8557213930348259,0.8557213930348259,0.0,0
114,5f909c5f962b5e6f610527d2469d8dfb_summary_en,txt,80,23,0.85,0.75,0.1,0
115,837ffe5759b8898b2cbbdd1e577773b8,pdf,12829,4159,0.7959310936160262,0.7696624834359654,0.0262686101800608,10
116,f267d32ad783313b476f29fb5cb5f0d9,pdf,2947,965,0.8079402782490669,0.7767220902612827,0.031218187987784186,5
117,18cff7a2174a6227d4828c495634b038,pdf,6944,1795,0.8161002304147466,0.798963133640553,0.017137096774193547,12
118,a4e3627fbdb9ff282416776fa1b30376_summary_fr,txt,653,152,0.8162327718223583,0.8162327718223583,0.0,0
119,31c5dc9c1ad2405504c3d838632408cd_summary_fr,txt,329,79,0.8024316109422492,0.7872340425531915,0.015197568389057751,0
120,d5cf336ed4b7296cc7971bcb6f7f3b09,pdf,6925,1830,0.8151624548736462,0.7852707581227437,0.029891696750902527,13
121,766b074dbe96c408b7b2a7c0510365e8,pdf,23791,6367,0.8122399226598294,0.7846664705140599,0.02757345214576941,30
122,57815ce49516c8ee5313147e789ddd98_summary_fr,txt,279,65,0.8100358422939068,0.8100358422939068,0.0,0
123,0c54806139f0628a3c1172ca6b6aad75_summary_en,txt,275,50,0.8290909090909091,0.8290909090909091,0.0,0
124,498794ad93be2a7dbd042858175d54fc_summary_fr,txt,480,101,0.8208333333333333,0.8208333333333333,0.0,0
125,8c7655e03fef9d046e504dd052c328b0_summary_en,txt,290,57,0.8310344827586207,0.8310344827586207,0.0,0
126,e9024da5c714b7668f13aeb6b27873f9,pdf,3949,1619,0.7822233476829578,0.7199290959736642,0.062294251709293494,0
127,dd178693341cf7a81e2b400fdd3c20df,pdf,3566,1227,0.804823331463825,0.7537857543466069,0.05103757711721817,8
128,de2d69fff1d0a781982b4e14dd582321_summary_fr,txt,241,52,0.8630705394190872,0.8630705394190872,0.0,0
129,9fad6115c3efe2492fdbfc07a917355c_summary_fr,txt,325,66,0.84,0.84,0.0,0
130,428c3e1ce3d57405b6b16c1391d82913,pdf,683,303,0.7789165446559297,0.6925329428989752,0.08638360175695461,3
131,6f5b71f2f110f5b0af01214e152bd6a3,pdf,65849,19401,0.8048413795198105,0.7829276071010949,0.021913772418715546,91
132,c4a2e68af3243bee3d6592672215ff74_summary_en,txt,612,129,0.8218954248366013,0.8088235294117647,0.013071895424836602,0
133,7289ae89243c2ad8176f358fd1793fc1,pdf,5436,1559,0.8094186902133922,0.7866077998528329,0.022810890360559236,1
134,12507b30c4c82bf0c68ed7730131b7dd,pdf,36107,8749,0.8325809399839367,0.8255739884232974,0.007006951560639211,0
135,18cff7a2174a6227d4828c495634b038_summary_en,txt,324,52,0.8518518518518519,0.8518518518518519,0.0,0
136,628ff566f373f4a668cc11f44ba7b9f8,pdf,11878,3262,0.8200875568277488,0.8035864623674019,0.01650109446034686,10
137,cc5892c4733132d53bdd76e1c33aed12,pdf,26038,9056,0.8049005299946232,0.7573162301252017,0.047584299869421615,26
138,f21af16047e3bc4298d8c2ccc050f0fb_summary_fr,txt,439,114,0.8041002277904328,0.7949886104783599,0.009111617312072893,0
139,55a742c66d5e6e7f49f7ab76d279dd76,pdf,76106,23562,0.8118939374030957,0.7840643313273592,0.027829606075736472,5
140,ab8bde56e0d887219dddbf9a8a0b0496,pdf,15972,4473,0.804908590032557,0.7781116954670674,0.026796894565489608,34
141,67bc653c99ed9a2335c156017e34bfde_summary_en,txt,790,153,0.8265822784810126,0.8265822784810126,0.0,0
142,78199ce04a046cec1bbad1fc9bac50d6_summary_fr,txt,151,39,0.8145695364238411,0.8145695364238411,0.0,0
143,610b28017b5d8f296778d87377c23b9e_summary_fr,txt,541,119,0.8373382624768947,0.8373382624768947,0.0,0
144,85a7762ffdba91c9b11b478fb106894a,pdf,19786,6313,0.7985949661376731,0.7673607601334277,0.031234206004245427,23
145,308721b4f1197f801a81c43e0b5cb02b_summary_fr,txt,499,101,0.8316633266533067,0.8316633266533067,0.0,0
146,f09c87a6c084c8f1ca93145b6c9c1f6a_summary_fr,txt,336,76,0.8244047619047619,0.8244047619047619,0.0,0
147,69548b6abab1b44ebc1d4ffd305d357b_summary_en,txt,1034,228,0.8172147001934236,0.8172147001934236,0.0,0
148,ab78fcf1c8d6b6a7f2361bf27d8a25e8,pdf,8028,1993,0.8176382660687593,0.8014449427005481,0.01619332336821126,11
149,d6f390b9f0d2da07d47b90e0a2c25aab,pdf,4899,1233,0.8154725454174321,0.8030210246989181,0.012451520718513982,0
150,6bd741b4a75bde8afa2ec2cf548dc713_summary_fr,txt,239,53,0.8284518828451883,0.8284518828451883,0.0,0
151,a2428b5192404476dad1c0fa7b4b43d2,pdf,4406,1406,0.799364502950522,0.7748524738992283,0.02451202905129369,8
152,501d7e2867b4aafadba5933fef12e8fe_summary_fr,txt,265,52,0.8264150943396227,0.8264150943396227,0.0,0
153,a6c8ae27fa043b0ca5d291d8fef61b45,pdf,12158,3128,0.8144431649942425,0.7982398420792893,0.016203322914953116,16
154,81e16deb90f830b85715ab0167b9013c,pdf,2192,577,0.8175182481751825,0.8056569343065694,0.011861313868613138,0
155,c973915fcca2ada3cb498a8d03ea2d17_summary_fr,txt,358,78,0.8296089385474861,0.8268156424581006,0.002793296089385475,0
156,f3ea76194a0f85b037d09ca50a322b24,pdf,9651,2887,0.7943218319345146,0.7749456014920734,0.0193762304424412,12
157,64353226b6e3a5df8a0f08635b04432c_summary_en,txt,615,141,0.8146341463414634,0.7967479674796748,0.01788617886178862,0
158,70e09440195ce54e5e83f1620055a766,pdf,9456,2876,0.7583544839255499,0.7378384094754653,0.020516074450084604,0
159,2f6d7d52689c228e889d5e081ba3c72a,pdf,7207,2159,0.7806299431108644,0.7602331067018177,0.02039683640904676,0
160,9cc79b84d157d6e49d92bbff3b321e11,pdf,5575,1651,0.8130941704035874,0.792645739910314,0.020448430493273544,0
161,6cdf0c8f97e8f7e9db5772b907a5138b,pdf,1194,467,0.7696817420435511,0.7261306532663316,0.04355108877721943,3
162,8e6d55a06156ff2bb822304fa311439f_summary_en,txt,699,175,0.821173104434907,0.7782546494992847,0.04291845493562232,0
163,953c56c8a1d7f9d5b710111038aa7d3c_summary_fr,txt,279,64,0.8279569892473119,0.8279569892473119,0.0,0
164,0aa7b08975e773a11082d5a41fa70766,pdf,15341,4500,0.7904960563196662,0.7686591486865263,0.021836907633139953,13
165,7f7bbcd9798b735f9c6deb2429708fd4,pdf,1602,627,0.7927590511860175,0.7808988764044944,0.011860174781523096,0
166,b6bd1df0d361af11f59b83c8f0343894_summary_fr,txt,117,32,0.811965811965812,0.811965811965812,0.0,0
167,2b8d809694effac8cf2516dd44746671,pdf,26720,6974,0.8164296407185628,0.7968937125748503,0.019535928143712574,49
168,efb965e61138ce13f3b7ed6cb93b71fe,pdf,8414,2206,0.8144758735440932,0.7888043736629428,0.025671499881150462,14
169,12507b30c4c82bf0c68ed7730131b7dd_summary_en,txt,199,46,0.8341708542713567,0.7939698492462312,0.04020100502512563,0
170,89e530e78ab71ad88cbd7c5bd74d4bb5,pdf,47576,13160,0.8114385404405583,0.7835253068774172,0.027913233563141078,110
171,9caf2e1be07757f8fa04131e217dd6ed,pdf,31242,10241,0.7951795659688881,0.7288905959925741,0.06628896997631394,44
172,634ee62308d05acd90863f7e6893d6a1_summary_en,txt,214,38,0.8504672897196262,0.8504672897196262,0.0,0
173,a4e063ed46c74dd830020f5246edd614,pdf,2526,782,0.7996832937450514,0.7771179730799683,0.022565320665083134,4
174,724f4a757f4d6415f3ff76e56190b0a7,pdf,2576,740,0.8059006211180124,0.7779503105590062,0.027950310559006212,0
175,058b3d57777afcde21a68d08080df6ee_summary_fr,txt,737,192,0.8181818181818182,0.7774762550881954,0.0407055630936228,0
176,32f5618496692a491d692ff60dd08b33_summary_fr,txt,257,66,0.8093385214007782,0.8093385214007782,0.0,0
177,c270a93a04ad13d936c05ef5e25d482c,pdf,14311,4642,0.7983369436098107,0.7471176018447349,0.05121934176507582,34
178,a9fa91b8f68f0826aa1d4b545e55724f_summary_fr,txt,1213,336,0.79719703215169,0.7666941467436109,0.030502885408079144,0
179,6c2988342387dec3013bab4c31f4f9d1_summary_en,txt,177,36,0.8305084745762712,0.8305084745762712,0.0,0
180,6eb77cd9f02e61c68fa3f88e901c42a2,pdf,6523,1912,0.8034646634983903,0.7919668864019623,0.011497777096428024,10
181,f4a7ff2c466384af253f208432afafc7_summary_en,txt,674,133,0.8204747774480712,0.8204747774480712,0.0,0
182,430800357324de827d432d855e57c9c0_summary_en,txt,616,128,0.8392857142857143,0.8198051948051948,0.01948051948051948,0
183,40403184c17d42aaa75b584041e604a7,pdf,12503,3172,0.814524514116612,0.7958090058385987,0.018715508278013278,40
184,3d4e0087ca5a0e685348ae052c18239d_summary_fr,txt,243,55,0.8189300411522634,0.8189300411522634,0.0,0
185,baa4dd24ecfc3fd95b3bd6939968ba6a,pdf,6159,1821,0.8093846403636954,0.7907127780483845,0.018671862315310928,6
186,8a42755018b489af27b83d5d700606ed_summary_en,txt,314,62,0.8248407643312102,0.8248407643312102,0.0,0
187,ed2ab474f2f7d68b41973c706694f9b9,pdf,17822,4385,0.8178094489956234,0.7992368982156884,0.018572550779934912,23
188,dd6fab4c740836f2085b57ac5097bbf9,pdf,11185,2535,0.8307554760840411,0.8187751452838623,0.011980330800178811,14
189,e2c22a34085297124a085ddcda8418aa,pdf,26432,7507,0.809284200968523,0.7878329297820823,0.021451271186440676,23
190,206ec30cf3ae638400ae9f0b5467503c_summary_fr,txt,522,109,0.8333333333333334,0.8333333333333334,0.0,0
191,57815ce49516c8ee5313147e789ddd98,pdf,18869,6150,0.7985054851873443,0.7747628385182045,0.023742646669139857,17
192,9e4bbd718149c24108d270d25b52053f,pdf,2892,751,0.8188105117565698,0.7991009681881052,0.01970954356846473,5
193,206ec30cf3ae638400ae9f0b5467503c,pdf,29966,9729,0.811519722351999,0.7838884068611093,0.027631315490889676,0
194,be94d80a0dd8b146d92fc7a2decf6db9_summary_en,txt,467,83,0.8372591006423983,0.8372591006423983,0.0,0
195,fa6f6cb4bf47763d0afdc0993caf3d3a,pdf,18125,4780,0.8197517241379311,0.805848275862069,0.013903448275862068,16
196,23b60ae44c6320bc72754375e891f827,pdf,2022,673,0.7942631058358062,0.787833827893175,0.006429277942631058,0
197,b9f12b18797f8bb68c0e4d2a05ad9d92,pdf,5868,1758,0.8040218132242672,0.7830606680299932,0.020961145194274028,8
198,498794ad93be2a7dbd042858175d54fc,pdf,13754,3817,0.811836556638069,0.7977315689981096,0.014104987639959285,14
199,4dc72ff6d59108ccf63333589febe56e,pdf,11464,2943,0.8202198185624564,0.8078332170272157,0.012386601535240753,10
200,46a313db6279d7bba0e1413f197d59fa_summary_fr,txt,262,50,0.8358778625954199,0.8358778625954199,0.0,0
201,843c4dbeb0d3145b5f45c29d6a889db6,pdf,32970,9304,0.8099787685774947,0.7884743706399757,0.021504397937518956,32
202,c395098dee071ebea47a8db44dfb2c2d_summary_fr,txt,604,137,0.8195364238410596,0.8129139072847682,0.006622516556291391,0
203,1392eef3faa8f83e8df65299f328427f_summary_fr,txt,417,103,0.8129496402877698,0.8105515587529976,0.002398081534772182,0
204,a68fc4fbeaf6f38240722db4a7c5a3aa,pdf,47233,15752,0.791882793809413,0.7309296466453539,0.06095314716405903,82
205,d766c4f37a0ccdc764f78c8d11bcca86,pdf,3157,904,0.8127969591384225,0.7991764333227748,0.013620525815647768,0
206,8b85701a4da5515544e064a65417bce2_summary_en,txt,548,96,0.8302919708029197,0.8302919708029197,0.0,0
207,7a2993c943fc2368597f5aa408de8193_summary_fr,txt,719,164,0.8233657858136301,0.8122392211404729,0.011126564673157162,0
208,21c2093077fc2745d3659973617e82c3_summary_fr,txt,404,81,0.8391089108910891,0.8391089108910891,0.0,0
209,f21af16047e3bc4298d8c2ccc050f0fb,pdf,1850,568,0.7924324324324324,0.7827027027027027,0.00972972972972973,0
210,05978b467e82ef92032e5a532c8d641a_summary_en,txt,1017,222,0.8180924287118977,0.7964601769911505,0.021632251720747297,0
211,9fe2f4c47b141ca58a362a5c0a8c53cf,pdf,19695,5570,0.805026656511805,0.7657273419649657,0.0392993145468393,52
212,0220a989c702fc75aa9554114aa01587,pdf,26547,8885,0.7864542132821034,0.7315704222699363,0.0548837910121671,52
213,84dc230ab86d4bbf0714cad1158e1b74,pdf,17348,5181,0.801648605026516,0.778937053262624,0.022711551763892092,26
214,1527b4f47dc8c40054fc7e6fa6ae69bc_summary_fr,txt,198,41,0.8434343434343434,0.8434343434343434,0.0,0
215,fc7c6d9f06951be96f7f81df26259a37_summary_en,txt,395,72,0.8379746835443038,0.8379746835443038,0.0,0
216,b6bd1df0d361af11f59b83c8f0343894,pdf,677,313,0.7651403249630724,0.6779911373707533,0.08714918759231906,3
217,766b074dbe96c408b7b2a7c0510365e8_summary_en,txt,442,108,0.8054298642533937,0.7805429864253394,0.024886877828054297,0
218,cc5892c4733132d53bdd76e1c33aed12_summary_fr,txt,359,71,0.8384401114206128,0.8384401114206128,0.0,0
219,6c2988342387dec3013bab4c31f4f9d1_summary_fr,txt,199,40,0.8391959798994975,0.8391959798994975,0.0,0
220,8b2284786d3e10a750491bbcfd910462,pdf,22945,6536,0.8033122684680758,0.7791675746349968,0.0241446938330791,27
221,55a742c66d5e6e7f49f7ab76d279dd76_summary_en,txt,156,33,0.8525641025641025,0.8525641025641025,0.0,0
222,33015adcb2ffb64750112bdaebeb26d8,pdf,16260,5096,0.8015375153751537,0.7795817958179582,0.021955719557195573,12
223,0c54806139f0628a3c1172ca6b6aad75,pdf,1358,463,0.8114874815905744,0.7592047128129602,0.05228276877761414,4
224,542b3a0ae7ab0133a57370a10021c3bc_summary_fr,txt,196,46,0.8163265306122449,0.8163265306122449,0.0,0
225,f47936135555022b62cfa95779f1876e,pdf,17057,5988,0.7942780090285513,0.7456176349885677,0.048660374039983585,32
226,cb215e6b1eaf4b60c0a76818497a00f2_summary_en,txt,579,101,0.8411053540587219,0.8411053540587219,0.0,0
227,717e10a8c39129e60daf0d55cc3784fe,pdf,11416,3305,0.8029081990189209,0.7730378416257884,0.029870357393132447,15
228,237afd76ec365244e94396095d2d95ab_summary_en,txt,610,106,0.8311475409836065,0.8311475409836065,0.0,0
229,c178843304a64bbcc85c2ad9ff7fcda3_summary_en,txt,551,102,0.8203266787658802,0.8130671506352087,0.007259528130671506,2
230,893341e90a4c86417f4d62e927548167,pdf,8736,2264,0.8139880952380952,0.7904075091575091,0.02358058608058608,22
231,1c7b4a831284608fa3f1ab352233edff_summary_en,txt,508,119,0.8031496062992126,0.781496062992126,0.021653543307086614,0
232,fa6f6cb4bf47763d0afdc0993caf3d3a_summary_fr,txt,527,102,0.8481973434535104,0.8481973434535104,0.0,0
233,4e1f300a2191b7aa1a2afe758f052b64,pdf,5199,1496,0.8076553183304481,0.7924600884785535,0.015195229851894596,7
234,b8a0dfbd02300d8aec58cd0b530030e6_summary_en,txt,353,59,0.8413597733711048,0.8413597733711048,0.0,0
235,fe839e21967856d7a98c6481c17e033d,pdf,15038,4235,0.8170634392871392,0.794454049740657,0.022609389546482245,17
236,bb34db4c0a5a40a8657df8e5181852f7_summary_en,txt,411,68,0.851581508515815,0.851581508515815,0.0,0
237,6d40150905e88149592578ff8117ba39,pdf,12480,3665,0.799599358974359,0.7690705128205129,0.030528846153846153,32
238,f3ea0f33d70fae83b5b7e56f5505faa8,pdf,5314,1382,0.8229205871283403,0.8014678208505833,0.021452766277756868,0
239,dd6fab4c740836f2085b57ac5097bbf9_summary_en,txt,227,36,0.8590308370044053,0.8590308370044053,0.0,0
240,79e7687d661ac8af5d580db419c669cf,pdf,10062,2594,0.8255813953488372,0.7979526933015305,0.027628702047306698,11
241,9e3f1687ebb23abddb712bd2c7fbe2e2_summary_fr,txt,865,184,0.8196531791907514,0.8196531791907514,0.0,0
242,6f16124b87a9efd2fdd21d2912ebe648_summary_en,txt,233,36,0.8669527896995708,0.8669527896995708,0.0,0
243,f082d261856ab4f740974ca25b6a4fda,pdf,11622,3899,0.8069179143004647,0.7726725176389606,0.03424539666150404,1
244,33f4883d8d8c56a98d3ae27c80f7e1be,pdf,7148,1984,0.8105763850027979,0.7935086737548964,0.01706771124790151,6
245,fed8a1bfce8f2a3b7a261ea0110787a6,pdf,283021,86197,0.8282388939336657,0.8217093431229485,0.006529550810717226,0
246,fcf7b538fecbf68a95c8ac7aeaae84fc,pdf,8334,2508,0.8039356851451884,0.7879769618430525,0.015958723302135828,6
247,4e1f300a2191b7aa1a2afe758f052b64_summary_fr,txt,572,130,0.8216783216783217,0.8216783216783217,0.0,0
248,cb215e6b1eaf4b60c0a76818497a00f2,pdf,5487,1374,0.8264989976307636,0.8066338618552943,0.019865135775469292,8
249,60fad2db6381682fcfc603b58c65c81e,pdf,22401,5548,0.8180438373286907,0.7948752287844293,0.023168608544261417,26
250,07498eff67d6c1d7972e571eca238a9f_summary_fr,txt,293,68,0.8293515358361775,0.8293515358361775,0.0,0
251,68d28d2067a880d89facfe58a467e51f,pdf,76167,25155,0.7943466330563105,0.7424869037772264,0.05185972927908412,144
252,4d0c6ce0e75cb9982462d59f9c822e47,pdf,37369,9792,0.8181647889962268,0.7895046696459632,0.028660119350263587,33
253,20731ddefa3b1cf0450bbe63859554f8_summary_en,txt,335,82,0.8208955223880597,0.7850746268656716,0.03582089552238806,0
254,9e3f1687ebb23abddb712bd2c7fbe2e2,pdf,4151,1262,0.8055890146952541,0.7761985063840039,0.029390508311250303,6
255,a9d6377df7a98ab5e0c05f6d1f13844c,pdf,3464,1192,0.8224595842956121,0.8123556581986143,0.01010392609699769,0
256,48a31e58f0727f64657a53498cdef23a,pdf,1555,540,0.7954983922829582,0.7909967845659164,0.0045016077170418,0
257,69da421ce803a8b4ea58ca122f1ed3cf,pdf,5679,1454,0.818630040500088,0.7957386863884487,0.022891354111639374,9
258,802208e6dc3f634e83f1c7dff031aabe,pdf,26625,7724,0.8055211267605634,0.7815962441314555,0.023924882629107982,22
259,6aa9abfe5879f0fbfc0dbf0731370efe,pdf,6904,1792,0.8201042873696408,0.796494785631518,0.023609501738122828,13
260,2deecce524641c953c07d3274fc7b4a3,pdf,7468,2037,0.812131762185324,0.7852169255490091,0.026914836636314943,14
261,22d0ee93c127df7a7543aa782f3bbd2a,pdf,13070,3175,0.8257842387146136,0.8033664881407804,0.022417750573833207,49
262,19452b43d0a0f135fa9ee3df023a8cec,pdf,9705,2733,0.8093766099948481,0.794435857805255,0.014940752189592994,10
263,3be1ad6df310141616ba780f297e25b7_summary_en,txt,235,42,0.8382978723404255,0.8382978723404255,0.0,0
264,5635f5aa326e80faf3975cd12b55fbb0_summary_fr,txt,591,125,0.8223350253807107,0.8206429780033841,0.001692047377326565,0
265,4be493901ea03ad6080098be5b8d5356_summary_en,txt,275,44,0.8472727272727273,0.8472727272727273,0.0,0
266,4d9ae361d7e9b577b961763a043cbcc6_summary_fr,txt,270,62,0.8148148148148148,0.8074074074074075,0.007407407407407408,0
267,6525902dc9c3bb971525a1a7786ea721,pdf,3425,1095,0.80992700729927,0.7608759124087591,0.049051094890510946,11
268,5eefcf21ec064519d08af920e277810f,pdf,29588,7593,0.8117142084628903,0.7859267270515073,0.025787481411382995,83
269,a9fa91b8f68f0826aa1d4b545e55724f,pdf,30873,9143,0.8125870501732906,0.7941890972694587,0.018397952903831827,28
270,4a590e2caa0a9a3b3bbe229f4021e16b_summary_fr,txt,265,59,0.8415094339622642,0.8415094339622642,0.0,0
271,202e511a607f6c9539f8d6b46b6baceb,pdf,5888,1552,0.8136888586956522,0.7922894021739131,0.021399456521739132,11
272,da73df88b06e0646d3509a33287953ba,pdf,9518,2826,0.7994326539188905,0.772956503467115,0.026476150451775583,15
273,8e6d55a06156ff2bb822304fa311439f,pdf,7623,2050,0.8078184441820806,0.7772530499803227,0.03056539420175784,15
274,28f2fe5aaf959ea86322064719a8221c_summary_fr,txt,205,58,0.8195121951219512,0.7804878048780488,0.03902439024390244,0
275,ae57d801a81d3561912f1abff6e4f52e,pdf,4544,1461,0.7662852112676056,0.7293133802816901,0.03697183098591549,6
276,fed8a1bfce8f2a3b7a261ea0110787a6_summary_fr,txt,79,28,0.810126582278481,0.7088607594936709,0.10126582278481013,0
277,149a7fa22be4400ca1b63235d78346da_summary_en,txt,307,55,0.8469055374592834,0.8469055374592834,0.0,0
278,78199ce04a046cec1bbad1fc9bac50d6,pdf,3361,1236,0.7890508777149657,0.7152633144897352,0.07378756322523058,0
279,e49def72dfd4e311b9c1ca3f180ab356,pdf,5893,1801,0.806210758527066,0.7792295944340744,0.026981164092991686,10
280,308721b4f1197f801a81c43e0b5cb02b,pdf,13514,3711,0.8150066597602487,0.7933254402841498,0.02168121947609886,46
281,a619867139a455e7260ee685d62d6c43_summary_fr,txt,1513,364,0.8122934567085262,0.8023793787177792,0.00991407799074686,0
282,b30442f37c37fad30a366ed51f530b79,pdf,3546,1248,0.7961082910321489,0.7831359278059785,0.012972363226170333,0
283,46a313db6279d7bba0e1413f197d59fa,pdf,29146,7696,0.8250874905647431,0.810745899951966,0.014341590612777053,6
284,a2428b5192404476dad1c0fa7b4b43d2_summary_fr,txt,267,59,0.8314606741573034,0.8314606741573034,0.0,0
285,fcf7b538fecbf68a95c8ac7aeaae84fc_summary_fr,txt,165,36,0.8363636363636363,0.8363636363636363,0.0,0
286,3b939888903c18b49ba294e1df660d22_summary_fr,txt,493,127,0.8032454361054767,0.7849898580121704,0.018255578093306288,0
287,3b939888903c18b49ba294e1df660d22,pdf,16882,5607,0.7976543063618055,0.7634166567942187,0.03423764956758678,21
288,f9cdd79bc61140ed6bc03380c522719d_summary_fr,txt,340,60,0.85,0.85,0.0,0
289,893341e90a4c86417f4d62e927548167_summary_en,txt,341,57,0.8475073313782991,0.8475073313782991,0.0,0
290,1c7b4a831284608fa3f1ab352233edff,pdf,4688,1310,0.8161262798634812,0.7939419795221843,0.02218430034129693,3
291,c72a5297c53fdc017e79952facde7775_summary_fr,txt,279,51,0.8494623655913979,0.8494623655913979,0.0,0
292,83cd7b1f684ca3bdd7365420a64f9ba5_summary_fr,txt,431,84,0.839907192575406,0.839907192575406,0.0,0
293,3fb091edf0ab939eec5e1ea848ff2428,pdf,25969,7125,0.8096961762100967,0.7947167776964843,0.014979398513612383,26
294,76183b1efbb2c86b2adc1d64949e9d38_summary_en,txt,704,161,0.8153409090909091,0.7954545454545454,0.019886363636363636,0
295,33015adcb2ffb64750112bdaebeb26d8_summary_fr,txt,224,58,0.8125,0.8125,0.0,0
296,1527b4f47dc8c40054fc7e6fa6ae69bc,pdf,6768,2092,0.8036347517730497,0.7777777777777778,0.025856973995271867,10
297,4471cdff28bc6ce1e3c5a9d8ee20d9a8_summary_en,txt,400,73,0.835,0.835,0.0,0
298,b9929868d57c488b8d50e8cf4e0c97c4_summary_fr,txt,149,39,0.8120805369127517,0.8120805369127517,0.0,0
299,3dde7900d2eda287c1e64302a61c78d3,pdf,21655,6701,0.8013391826368045,0.7648118217501731,0.03652736088663126,46
300,9a7de93634097cfb667f8ba5df4c48ed,pdf,3027,924,0.8149983481995375,0.7710604558969276,0.043937892302609846,8
301,9e1a46edba0e6d5abed0462ec1e0a19d_summary_fr,txt,393,83,0.8473282442748091,0.8473282442748091,0.0,0
302,ddf93d3260dc0a4cee68b612a8a3ad02_summary_en,txt,206,38,0.8349514563106796,0.8349514563106796,0.0,0
303,87e5c207bbf7db2c54702ed43caed409_summary_en,txt,548,107,0.8211678832116789,0.8211678832116789,0.0,0
304,073b491d6970ff3b5a02c2a19465e8a8_summary_en,txt,194,38,0.8195876288659794,0.8195876288659794,0.0,0
305,c72a5297c53fdc017e79952facde7775,pdf,7519,2184,0.8039632929910893,0.7793589573081526,0.02460433568293656,10
306,fe05be2c0c1a464ab754d6489af3fc16_summary_en,txt,495,86,0.8222222222222222,0.8222222222222222,0.0,0
307,6e06dffe27d2319a0f5c773813e42c4a,pdf,11117,3319,0.8097508320590088,0.7808761356481065,0.02887469641090222,50
308,87e5c207bbf7db2c54702ed43caed409,pdf,5939,1567,0.8144468765785485,0.7937363192456642,0.020710557332884325,10
309,fc7c6d9f06951be96f7f81df26259a37,pdf,8203,2078,0.8160429111300743,0.7908082408874801,0.02523467024259417,12
310,5635f5aa326e80faf3975cd12b55fbb0,pdf,22033,6572,0.8041120137974855,0.7750192892479463,0.029092724549539328,27
311,ddf93d3260dc0a4cee68b612a8a3ad02,pdf,15870,4475,0.8115942028985508,0.789161940768746,0.02243226212980466,12
312,7b3a7555a7ca66d65a31ff4058ad3d25,pdf,8739,2337,0.8149673875729488,0.7912804668726399,0.02368692070030896,21
313,673318e364c8d2789b37b789fb423e46,pdf,16066,3933,0.8204282335366613,0.8043694759118636,0.01605875762479771,21
314,baa4dd24ecfc3fd95b3bd6939968ba6a_summary_fr,txt,201,42,0.845771144278607,0.845771144278607,0.0,0
315,c1feac5448601b891e68757083811224_summary_en,txt,168,30,0.8571428571428571,0.8571428571428571,0.0,0
316,4a590e2caa0a9a3b3bbe229f4021e16b,pdf,3190,1097,0.8109717868338558,0.7724137931034483,0.038557993730407525,6
317,1573b856afd95f1b0544801e11437ad0,pdf,1745,620,0.7977077363896848,0.7730659025787966,0.02464183381088825,0
318,d0dea083c16c87d513bad252a86ad56d,pdf,4737,1492,0.7939624234747731,0.766307789740342,0.027654633734431073,9
319,837ffe5759b8898b2cbbdd1e577773b8_summary_fr,txt,511,111,0.812133072407045,0.812133072407045,0.0,0
320,9e1a46edba0e6d5abed0462ec1e0a19d,pdf,6950,2057,0.8092086330935252,0.7858992805755396,0.02330935251798561,7
321,634ee62308d05acd90863f7e6893d6a1,pdf,8853,2267,0.8199480402123573,0.7978086524342031,0.022139387778154298,13
322,20731ddefa3b1cf0450bbe63859554f8,pdf,13852,3483,0.7915102512272596,0.7724516315333526,0.019058619693907018,19
323,199451137241dc71dc065e28b0c1c4d5,pdf,1804,761,0.8054323725055432,0.799889135254989,0.005543237250554324,0
324,8c5d2c37b1ab6c85bf83e17dc8688299,pdf,6542,2351,0.7754509324365637,0.7020788749617853,0.07337205747477836,18
325,2281130745c882b033d82232cc47837f,pdf,3965,1261,0.808827238335435,0.7828499369482976,0.025977301387137452,5
326,c22582508024a02e51d627fc14023bf8_summary_en,txt,507,89,0.8382642998027613,0.8382642998027613,0.0,0
327,f082d261856ab4f740974ca25b6a4fda_summary_en,txt,250,48,0.832,0.832,0.0,0
328,3c71ec5b01016d3efaa93b0253835661,pdf,4777,1220,0.8243667573791083,0.806782499476659,0.017584257902449236,8
329,fce6c8b488b7e32f29e6904bd1970aa6,pdf,7090,1887,0.8012693935119887,0.7889985895627645,0.01227080394922426,0
330,b5cd04c2811f540025c51a92d9f88b97_summary_en,txt,238,39,0.8529411764705882,0.8529411764705882,0.0,0
331,61e791c0faa3c43be9bd52f985a4e16e_summary_en,txt,126,22,0.8650793650793651,0.8650793650793651,0.0,0
332,95b03568e9d2d2db47987d10073e24c3,pdf,806,385,0.7990074441687345,0.7580645161290323,0.04094292803970223,0
333,02baa579b2e39ae8691ba31103e6986e,pdf,2806,742,0.815751960085531,0.8004276550249465,0.015324305060584463,0
334,ca165f0a6d8c1d59580bf59e08243e23_summary_fr,txt,624,141,0.8189102564102564,0.8189102564102564,0.0,0
335,a4e3627fbdb9ff282416776fa1b30376,pdf,5366,1628,0.8019008572493478,0.7745061498322773,0.027394707417070445,9
336,21b3e66e5464f54f58cbcaa99a1072f1,pdf,10231,2937,0.8110644120809305,0.7712833545108005,0.03978105757013,12
337,c4e23648787432ea45361046498d3c5b_summary_fr,txt,302,66,0.8211920529801324,0.8211920529801324,0.0,0
338,74ea216c2665953e5174cf1fd01229e6_summary_en,txt,448,88,0.8459821428571429,0.8459821428571429,0.0,0
339,2285c9cb19fd191b424845ff7b1eb9df_summary_fr,txt,305,67,0.8262295081967214,0.8229508196721311,0.003278688524590164,0
340,ab2f74215aed2cf1b9a1f47ce8ecdb67,pdf,10565,2834,0.812210127780407,0.7898722195929957,0.022337908187411264,46
341,b904d065c7f01996aed1bc954c9aa6ee,pdf,1770,628,0.8073446327683615,0.7966101694915254,0.010734463276836158,0
342,42f2cc2ffab0e35fd3d99b52e92cd72c_summary_fr,txt,444,100,0.8063063063063063,0.8063063063063063,0.0,0
343,3d4e0087ca5a0e685348ae052c18239d,pdf,17077,4908,0.8058792527961586,0.7857937576857762,0.020085495110382386,11
344,c270a93a04ad13d936c05ef5e25d482c_summary_fr,txt,424,86,0.8514150943396226,0.8514150943396226,0.0,0
345,f3bf24e4aca755a7657b0cb100d3b67e,pdf,3694,1044,0.8183540877097997,0.7934488359501894,0.02490525175961018,6
346,fa939069fc6721defccc3152a86bcd69_summary_en,txt,249,39,0.8554216867469879,0.8554216867469879,0.0,0
347,df512571895223d2fbf7570132c114dd,docx,1853,359,0.8100377765785213,0.8100377765785213,0.0,0
348,501d7e2867b4aafadba5933fef12e8fe,pdf,22506,6441,0.804496578690127,0.785523860303919,0.01897271838620812,24
349,8a0f116d39e6c1d5bc3afb6fdf82ffb9,pdf,11561,2989,0.8122134763428769,0.7894645791886515,0.022748897154225414,12
350,5b78cf249defaea81c858608685b896f,pdf,5932,1394,0.8017532029669588,0.7907956844234659,0.01095751854349292,0
351,744ec981d5d0f304d715be47f360de0a_summary_fr,txt,233,46,0.8326180257510729,0.8326180257510729,0.0,0
352,6c2988342387dec3013bab4c31f4f9d1,pdf,6106,1629,0.8185391418277105,0.8060923681624631,0.012446773665247298,8
353,9caf2e1be07757f8fa04131e217dd6ed_summary_fr,txt,168,36,0.8333333333333334,0.8333333333333334,0.0,0
354,f155e6205f21326e4ad2241221e25397,pdf,56837,18053,0.7961011313053117,0.758907049985045,0.03719408132026673,86
355,84dc230ab86d4bbf0714cad1158e1b74_summary_fr,txt,189,44,0.8359788359788359,0.8359788359788359,0.0,0
356,f155e6205f21326e4ad2241221e25397_summary_fr,txt,576,126,0.8333333333333334,0.8333333333333334,0.0,0
357,cbbbf106fda2d74cb5d2d49e78e195f4_summary_fr,txt,597,111,0.8425460636515912,0.8425460636515912,0.0,0
358,5eefcf21ec064519d08af920e277810f_summary_en,txt,502,107,0.8286852589641435,0.8147410358565738,0.013944223107569721,0
359,61e791c0faa3c43be9bd52f985a4e16e,pdf,6285,1582,0.8208432776451869,0.7998408910103421,0.02100238663484487,9
360,5747214eb6b7884dc134bc10e8c98c72_summary_en,txt,400,68,0.835,0.835,0.0,0
361,67bc653c99ed9a2335c156017e34bfde,pdf,6656,1816,0.8121995192307693,0.7779447115384616,0.034254807692307696,24
362,0b77afbc3ac9cd1c92a8258c918f85da,pdf,4232,1168,0.8161625708884688,0.7873345935727788,0.028827977315689982,5
363,5747214eb6b7884dc134bc10e8c98c72,pdf,8949,2222,0.8096994077550564,0.7901441501843781,0.01955525757067829,8
364,46a313db6279d7bba0e1413f197d59fa_summary_en,txt,234,40,0.8418803418803419,0.8418803418803419,0.0,0
365,5f34b6813d5938c67a11dc17bc752fd2_summary_fr,txt,226,45,0.8362831858407079,0.8362831858407079,0.0,0
366,a10762262f89f7a328bced5d8659983d,pdf,2840,847,0.7792253521126761,0.7693661971830986,0.009859154929577466,0
367,77957f6fa8d931bef7d36f403136bbd9,pdf,11939,3119,0.8194153614205545,0.7960465700644945,0.023368791356059973,20
368,fe839e21967856d7a98c6481c17e033d_summary_fr,txt,387,84,0.8191214470284238,0.8191214470284238,0.0,0
369,3be1ad6df310141616ba780f297e25b7,pdf,31322,8287,0.8114105101845348,0.7881042079049869,0.02330630227954792,60
370,4be493901ea03ad6080098be5b8d5356,pdf,7831,1891,0.8200740646149917,0.8041118631081599,0.015962201506831822,10
371,6f16124b87a9efd2fdd21d2912ebe648,pdf,26249,7231,0.8090212960493733,0.7707341232046935,0.0382871728446798,104
372,150dfc12f35b5b33405d08417c03fca3_summary_fr,txt,800,179,0.81875,0.81875,0.0,0
373,58c4299457f09a2626cad1cd66c98b89,pdf,13295,3795,0.8121098157201956,0.7926288078224897,0.019481007897705904,20
374,5e43615048734eb7baaba434ce9972fe,pdf,238366,63364,0.8335458916120587,0.8258854031195724,0.007660488492486344,0
375,76183b1efbb2c86b2adc1d64949e9d38,pdf,10762,3487,0.7911168927708604,0.7313696338970451,0.059747258873815275,26
376,dc8c5e78d11d9969ffa55cbe189dcbac_summary_en,txt,268,45,0.8582089552238806,0.8582089552238806,0.0,0
377,e48eb290f5924ec2682d5c6fc418785a,pdf,12174,3404,0.8131263348118942,0.7932479053721044,0.019878429439789715,16
378,1c37ce3d8aef4359254e24f1f7990cbf,pdf,1564,604,0.7953964194373402,0.7269820971867008,0.06841432225063938,3
379,83b02c66de23cd13ee70b840e68d925a,pdf,6041,1760,0.8058268498592949,0.7864591954974341,0.01936765436186062,6
380,68d28d2067a880d89facfe58a467e51f_summary_fr,txt,142,28,0.8591549295774648,0.8591549295774648,0.0,0
381,40403184c17d42aaa75b584041e604a7_summary_en,txt,746,175,0.792225201072386,0.7761394101876675,0.0160857908847185,7
382,1bd85e44a13d20fd38282f1f1c4832c8_summary_en,txt,355,83,0.8309859154929577,0.8056338028169014,0.02535211267605634,0
383,4d9ae361d7e9b577b961763a043cbcc6,pdf,3131,958,0.7987863302459278,0.7668476525071862,0.031938677738741615,4
384,7869c646301fe82b50fc79cf0c1268c6,pdf,8641,2580,0.8041893299386645,0.7783821316977202,0.025807198240944334,11
385,8c7655e03fef9d046e504dd052c328b0_summary_fr,txt,302,64,0.8311258278145696,0.8311258278145696,0.0,0
386,1b36adb1a976b351fc6792cf10f51515,pdf,7983,2347,0.8074658649630465,0.7925591882750845,0.014906676687961919,8
387,a981ecad2fe161b2be249a3185b6a67a,pdf,19724,5327,0.806682214560941,0.7761103224498074,0.030571892111133644,67
388,21bd8d0f42fd5c802cb3d19c907623c9,pdf,1828,559,0.8019693654266958,0.7948577680525164,0.007111597374179431,0
389,de2d69fff1d0a781982b4e14dd582321,pdf,3469,1048,0.8155087921591236,0.7987892764485442,0.01671951571057942,5
390,ff51f9376a472427cd101274e5469d68,pdf,33695,9826,0.8138299450957115,0.7909778898946431,0.022852055201068408,42
391,3175a1ba5282c901b5e60ea7387de70b,pdf,1628,452,0.8126535626535627,0.8077395577395577,0.004914004914004914,0
392,3528153b2d9928fcd27680cbf4c4a72b,pdf,16970,4924,0.8035356511490866,0.7784325279905716,0.025103123158515026,16
393,f505f7570f6a13967247e7e8911fea95,pdf,9157,2395,0.7457682647155182,0.7252375232062903,0.02053074150922791,3
394,53d04f32e0163590885f609000064f41_summary_fr,txt,700,169,0.8214285714285714,0.7957142857142857,0.025714285714285714,0
395,c8db05f91c0711cb0319837a407bc637,pdf,6055,1820,0.8107349298100743,0.783980181668043,0.026754748142031378,22
396,47cc1e1f3fae3bc294d34f19d79cf60f_summary_en,txt,193,39,0.8341968911917098,0.8341968911917098,0.0,0
397,dc1ee3cfe8a82a9adbd4db0481b6f4cb,pdf,10973,2788,0.8121753394696072,0.794768978401531,0.017406361068076186,7
398,cce72c6f171055b2a36453bc12b9dbf5_summary_fr,txt,264,74,0.8106060606060606,0.7689393939393939,0.041666666666666664,0
399,f47936135555022b62cfa95779f1876e_summary_fr,txt,711,190,0.8002812939521801,0.7763713080168776,0.02390998593530239,0
400,6f5b71f2f110f5b0af01214e152bd6a3_summary_fr,txt,648,225,0.7854938271604939,0.7037037037037037,0.08179012345679013,0
401,0220a989c702fc75aa9554114aa01587_summary_fr,txt,593,146,0.8161888701517707,0.8094435075885329,0.006745362563237774,0
402,eda9a30d749f908683df10513ec073e3,pdf,17560,4660,0.8169134396355353,0.8029612756264237,0.013952164009111617,14
403,0322324c1ad657966d07dad39c19d5bb_summary_fr,txt,326,68,0.8312883435582822,0.8312883435582822,0.0,0
404,d8d4bd95c30f092fd5d23b969b4558d1,pdf,8713,2391,0.7997245495237002,0.7703431653850568,0.029381384138643406,20
405,9a4f27b1a8f825fdbc1ae699a9f53ce9_summary_en,txt,413,79,0.8305084745762712,0.8305084745762712,0.0,0
406,3c71ec5b01016d3efaa93b0253835661_summary_en,txt,262,51,0.8396946564885496,0.8396946564885496,0.0,0
407,9fad6115c3efe2492fdbfc07a917355c_summary_en,txt,341,55,0.8592375366568915,0.8592375366568915,0.0,0
408,07498eff67d6c1d7972e571eca238a9f,pdf,27050,8276,0.8007024029574862,0.7633641404805915,0.03733826247689464,64
409,cb20d0882d1f7ba73c960984ed31e553_summary_fr,txt,623,152,0.8138041733547352,0.7961476725521669,0.01765650080256822,0
410,bbf8b955aae90a81cdd9e6cff291ecd2,pdf,10281,2884,0.8156794086178387,0.7965178484583212,0.019161560159517557,8
411,04e23a4e945161521bb4d11099cdcba7,pdf,3074,975,0.8012361743656473,0.7761873780091086,0.025048796356538713,6
412,5f909c5f962b5e6f610527d2469d8dfb,pdf,23448,5680,0.8346980552712385,0.8161890139883998,0.01850904128283862,0
413,18bbf2b57db57892e15c8cebc4dcb3eb_summary_fr,txt,576,135,0.8107638888888888,0.8003472222222222,0.010416666666666666,0
414,811ea219f422780d4365a5eea26e6bd1_summary_fr,txt,314,64,0.8375796178343949,0.8375796178343949,0.0,0
415,202e511a607f6c9539f8d6b46b6baceb_summary_en,txt,122,26,0.8278688524590164,0.8278688524590164,0.0,0
416,7a2993c943fc2368597f5aa408de8193,pdf,21129,6287,0.812863836433338,0.7886317383690662,0.024232098064271852,16
417,9cc79b84d157d6e49d92bbff3b321e11_summary_fr,txt,470,111,0.8,0.8,0.0,0
418,7ccb7c67381570a4897fd38bab1ecf8d,pdf,11864,3035,0.8063890761968981,0.7929871881321645,0.013401888064733648,0
419,bb34db4c0a5a40a8657df8e5181852f7,pdf,2778,863,0.8138948884089273,0.78113750899928,0.03275737940964723,5
420,c9f1470cfd37c959196faa490f6c092e,pdf,52259,15749,0.8074590022771198,0.781874892363038,0.025584109914081787,96
421,a981ecad2fe161b2be249a3185b6a67a_summary_en,txt,565,98,0.8389380530973451,0.8389380530973451,0.0,0
422,a73bafee6ad437f5c24dbadd8d83ddc6,pdf,21744,6633,0.7970474613686535,0.7724889624724062,0.02455849889624724,16
423,8b85701a4da5515544e064a65417bce2,pdf,18018,5406,0.8023088023088023,0.7677877677877678,0.03452103452103452,30
424,b9f12b18797f8bb68c0e4d2a05ad9d92_summary_fr,txt,524,120,0.816793893129771,0.816793893129771,0.0,0
425,a68fc4fbeaf6f38240722db4a7c5a3aa_summary_fr,txt,298,64,0.8422818791946308,0.8422818791946308,0.0,0
426,d9237734b4b614ad04156af6f88135bd,pdf,2273,605,0.8200615926088869,0.8077430708315002,0.012318521777386713,0
427,b9929868d57c488b8d50e8cf4e0c97c4,pdf,1833,610,0.79050736497545,0.745771958537916,0.0447354064375341,1
428,628ff566f373f4a668cc11f44ba7b9f8_summary_fr,txt,182,35,0.8351648351648352,0.8351648351648352,0.0,0
429,aaac3d98fbd45b27060e0aab5370da8c,pdf,2819,826,0.8091521816246896,0.78254700248315,0.026605179141539554,6
430,8a42755018b489af27b83d5d700606ed,pdf,2413,714,0.7994198093659345,0.7737256527144634,0.0256941566514712,4
431,3b50b2a0c077cf4464d9f03ef7a78d1d_summary_fr,txt,341,96,0.8005865102639296,0.7653958944281525,0.03519061583577713,0
432,37ed9b6ea52145b9b2ec782ebce4ba0b,pdf,13207,3491,0.818278185810555,0.8070720072688725,0.011206178541682441,36
433,4d0c6ce0e75cb9982462d59f9c822e47_summary_en,txt,298,47,0.8489932885906041,0.8489932885906041,0.0,0
434,32ee72a6c48ad119a8748e1b975e8492_summary_fr,txt,318,73,0.8144654088050315,0.8144654088050315,0.0,0
435,27672815e206ca2d048d81dbb862dfc2_summary_fr,txt,367,75,0.8256130790190735,0.8256130790190735,0.0,0
436,e46c5d2c336f95a1076df6eeb725571e,pdf,1829,523,0.8228540185893931,0.8184800437397485,0.004373974849644614,0
437,6791a5e98cada2028f7189c41dced507_summary_en,txt,224,38,0.8526785714285714,0.8526785714285714,0.0,0
438,673318e364c8d2789b37b789fb423e46_summary_en,txt,436,73,0.841743119266055,0.841743119266055,0.0,0
439,717e10a8c39129e60daf0d55cc3784fe_summary_en,txt,452,94,0.8097345132743363,0.8097345132743363,0.0,0
440,2b9a69ac5eeadc0c455b5bda280f2b42,pdf,13913,4998,0.8075900237188242,0.7793430604470639,0.028246963271760225,1
441,64952162505ca2e229ec7ad6638bd69b,pdf,20474,5741,0.8016997167138811,0.774054898896161,0.027644817817720036,23
442,64a4abe44cbd8c8b1286fe6c5299bbfa_summary_fr,txt,504,104,0.8472222222222222,0.8472222222222222,0.0,0
443,428c3e1ce3d57405b6b16c1391d82913_summary_en,txt,123,24,0.8373983739837398,0.8373983739837398,0.0,0
444,6be17d64d7520bb41e90dbe3ed92a973,pdf,4362,1319,0.7989454378725356,0.7725813846859239,0.026364053186611645,9
445,073b491d6970ff3b5a02c2a19465e8a8,pdf,15252,4002,0.806910569105691,0.7787175452399685,0.02819302386572253,35
446,a4e063ed46c74dd830020f5246edd614_summary_fr,txt,328,67,0.8323170731707317,0.8323170731707317,0.0,0
447,b116844b5957cd739ab45db8b896df6c_summary_en,txt,246,36,0.8658536585365854,0.8658536585365854,0.0,0
448,949a997c1390eda20fff4e894a51cd7a_summary_en,txt,455,85,0.832967032967033,0.832967032967033,0.0,0
449,69da421ce803a8b4ea58ca122f1ed3cf_summary_en,txt,383,63,0.8537859007832899,0.8537859007832899,0.0,0
450,64353226b6e3a5df8a0f08635b04432c,pdf,4914,1370,0.8168498168498168,0.7975172975172975,0.01933251933251933,8
451,097c153d24fcda1e4a3202512d0e3baa,pdf,4370,1213,0.8157894736842105,0.7887871853546911,0.02700228832951945,8
452,4dc72ff6d59108ccf63333589febe56e_summary_fr,txt,173,34,0.8439306358381503,0.8439306358381503,0.0,0
453,32f5618496692a491d692ff60dd08b33,pdf,10786,3371,0.8058594474318561,0.7741516781012423,0.031707769330613755,42
454,8b2284786d3e10a750491bbcfd910462_summary_fr,txt,502,111,0.8346613545816733,0.8346613545816733,0.0,0
455,ca165f0a6d8c1d59580bf59e08243e23,pdf,9225,2566,0.8126829268292682,0.7983739837398374,0.014308943089430894,10
456,3516d734eed78947f751ff96964dcea2,pdf,3270,868,0.8110091743119267,0.7889908256880734,0.022018348623853212,0
457,ab2f74215aed2cf1b9a1f47ce8ecdb67_summary_en,txt,288,58,0.8263888888888888,0.8263888888888888,0.0,0
458,6eb77cd9f02e61c68fa3f88e901c42a2_summary_fr,txt,160,34,0.83125,0.83125,0.0,0
459,3b50b2a0c077cf4464d9f03ef7a78d1d,pdf,15320,4242,0.7908616187989557,0.7717362924281984,0.01912532637075718,11
460,0118a9090dee3aa27b30d3f0fb62ef8f_summary_fr,txt,410,91,0.8146341463414634,0.8146341463414634,0.0,0
461,bceb5782c051858b5cded85b1fb40740_summary_fr,txt,464,96,0.8383620689655172,0.8383620689655172,0.0,0
462,4471cdff28bc6ce1e3c5a9d8ee20d9a8,pdf,14335,3606,0.8207185211021975,0.7978374607603766,0.02288106034182072,27
463,33a0c130cba037b27f392fb7ca64d9d7_summary_fr,txt,509,97,0.8330058939096268,0.8330058939096268,0.0,0
464,9d845d86d85b67529ae6d9327e504182_summary_en,txt,191,31,0.8534031413612565,0.8534031413612565,0.0,0
465,408f80ed496699c6c485a49c91835d3c,pdf,13143,3764,0.8020238910446625,0.7801871718785666,0.02183671916609602,14
466,60fad2db6381682fcfc603b58c65c81e_summary_en,txt,764,199,0.8115183246073299,0.7827225130890052,0.028795811518324606,0
467,f3ea76194a0f85b037d09ca50a322b24_summary_fr,txt,386,83,0.810880829015544,0.810880829015544,0.0,0
468,408f80ed496699c6c485a49c91835d3c_summary_fr,txt,198,32,0.8585858585858586,0.8585858585858586,0.0,0
469,b9929868d57c488b8d50e8cf4e0c97c4_summary_en,txt,118,30,0.8135593220338984,0.8135593220338984,0.0,0
470,2875ec9dd8b441625b1850542142b9f9,pdf,84983,26299,0.8043726392337291,0.7681536307261452,0.03621900850758387,201
471,8c7655e03fef9d046e504dd052c328b0,pdf,2691,828,0.8063916759568933,0.7766629505759941,0.029728725380899292,10
472,ee1b8a7c180d631f6b34a6fb6ca7f2af_summary_en,txt,258,43,0.8488372093023255,0.8488372093023255,0.0,0
473,d6f390b9f0d2da07d47b90e0a2c25aab_summary_en,txt,706,164,0.8271954674220963,0.8016997167138811,0.025495750708215296,0
474,f327a4c3d837a2d94e7dbec4e4c12a31_summary_en,txt,333,58,0.8408408408408409,0.8408408408408409,0.0,0
475,be94d80a0dd8b146d92fc7a2decf6db9_summary_fr,txt,501,96,0.8363273453093812,0.8363273453093812,0.0,0
476,bceb5782c051858b5cded85b1fb40740_summary_en,txt,443,87,0.8419864559819413,0.8419864559819413,0.0,0
477,e49def72dfd4e311b9c1ca3f180ab356_summary_fr,txt,316,72,0.8227848101265823,0.819620253164557,0.0031645569620253164,0
478,e9024da5c714b7668f13aeb6b27873f9_summary_en,txt,120,30,0.8166666666666667,0.8166666666666667,0.0,0
479,3dde7900d2eda287c1e64302a61c78d3_summary_fr,txt,349,88,0.8080229226361032,0.8022922636103151,0.0057306590257879654,0
480,c22582508024a02e51d627fc14023bf8_summary_fr,txt,539,105,0.8385899814471243,0.8367346938775511,0.0018552875695732839,0
481,d0dea083c16c87d513bad252a86ad56d_summary_fr,txt,253,54,0.8260869565217391,0.8260869565217391,0.0,0
482,3528153b2d9928fcd27680cbf4c4a72b_summary_fr,txt,208,45,0.8221153846153846,0.8221153846153846,0.0,0
483,8acad23929afe9deb75c76e278d0830c_summary_fr,txt,403,86,0.8411910669975186,0.8411910669975186,0.0,0
484,3bbe7877e0bdafebf848b6a0ba0aacab_summary_en,txt,144,26,0.8541666666666666,0.8541666666666666,0.0,0
485,25f2e2dafb0ad82e382de5903faf3581,pdf,194147,75258,0.7701689956579293,0.6826888903768794,0.08748010528104992,222
486,63adb2bf45df271de366ee3b0cb1de6f_summary_en,txt,128,26,0.8125,0.8125,0.0,0
487,04e70341c4b9aadeae1adbfc35b032b3,pdf,3112,912,0.8023778920308483,0.7779562982005142,0.02442159383033419,5
488,b8a0dfbd02300d8aec58cd0b530030e6,pdf,74609,23814,0.800439625246284,0.7272849120079347,0.07315471323834927,108
489,53d04f32e0163590885f609000064f41,pdf,5933,2067,0.786111579302208,0.7336929040957357,0.052418675206472275,12
490,ab8bde56e0d887219dddbf9a8a0b0496_summary_en,txt,177,34,0.8531073446327684,0.8531073446327684,0.0,0
491,149a7fa22be4400ca1b63235d78346da,pdf,5514,1592,0.8128400435255713,0.7836416394631847,0.029198404062386652,17
492,9a4f27b1a8f825fdbc1ae699a9f53ce9,pdf,851,276,0.781433607520564,0.7497062279670975,0.03172737955346651,0
493,1c37ce3d8aef4359254e24f1f7990cbf_summary_fr,txt,137,34,0.8321167883211679,0.8321167883211679,0.0,0
494,04e70341c4b9aadeae1adbfc35b032b3_summary_en,txt,289,51,0.8477508650519031,0.8477508650519031,0.0,0
495,f267d32ad783313b476f29fb5cb5f0d9_summary_fr,txt,435,91,0.8413793103448276,0.8413793103448276,0.0,0
496,18bbf2b57db57892e15c8cebc4dcb3eb_summary_en,txt,631,139,0.8066561014263075,0.7971473851030111,0.009508716323296355,0
497,9d845d86d85b67529ae6d9327e504182,pdf,11701,2945,0.8245449106913939,0.8072814289376976,0.017263481753696266,12
498,37ed9b6ea52145b9b2ec782ebce4ba0b_summary_en,txt,558,160,0.8064516129032258,0.7491039426523297,0.05734767025089606,0
499,57a4f2800a7a255621419b3230964d99,pdf,5952,1793,0.8029233870967742,0.780241935483871,0.022681451612903226,6
500,ea81c4ea26f83ef36587a28a40ac53e7,pdf,6475,1974,0.7933590733590734,0.7700386100386101,0.023320463320463322,10
501,c973915fcca2ada3cb498a8d03ea2d17,pdf,9700,2796,0.8102061855670103,0.7891752577319587,0.021030927835051547,22
502,5f909c5f962b5e6f610527d2469d8dfb_summary_fr,txt,80,23,0.85,0.75,0.1,0
503,25f2e2dafb0ad82e382de5903faf3581_summary_fr,txt,425,104,0.8117647058823529,0.8094117647058824,0.002352941176470588,0
504,6e06dffe27d2319a0f5c773813e42c4a_summary_fr,txt,688,152,0.8168604651162791,0.8168604651162791,0.0,0
505,37ed9b6ea52145b9b2ec782ebce4ba0b_summary_fr,txt,549,160,0.8087431693989071,0.7504553734061931,0.058287795992714025,0
506,3976ecec7bf1095443bc5fb7a9493f38,pdf,89265,29831,0.801064246905282,0.7669859407382513,0.03407830616703075,178
507,9e4bbd718149c24108d270d25b52053f_summary_en,txt,185,30,0.8540540540540541,0.8540540540540541,0.0,0
508,8acad23929afe9deb75c76e278d0830c,pdf,35352,10899,0.8109866485630233,0.7801538809685449,0.030832767594478387,28
509,50d8d3342d6b5b437cdb697d0c2625f2,pdf,9005,2397,0.8035535813436979,0.785563575791227,0.01799000555247085,17
510,47cc1e1f3fae3bc294d34f19d79cf60f,pdf,2485,787,0.8020120724346076,0.7517102615694164,0.05030181086519115,6
511,579ccda4aee7f538030695571e3fa80b_summary_fr,txt,157,34,0.8343949044585988,0.8343949044585988,0.0,0
512,b21ed32cac4140449a8a99dddcd804ef,pdf,10192,2985,0.7965070643642073,0.7708006279434851,0.025706436420722133,15
513,74ea216c2665953e5174cf1fd01229e6,pdf,20994,5459,0.8126131275602553,0.7856530437267791,0.026960083833476232,53
514,58c4299457f09a2626cad1cd66c98b89_summary_fr,txt,861,183,0.8153310104529616,0.8153310104529616,0.0,0
515,d8d4bd95c30f092fd5d23b969b4558d1_summary_en,txt,110,19,0.8636363636363636,0.8636363636363636,0.0,0
516,79e7687d661ac8af5d580db419c669cf_summary_en,txt,416,70,0.8485576923076923,0.8485576923076923,0.0,0
517,062ad0651fd3291653785be61c28314e,pdf,3272,1016,0.7988997555012225,0.7854523227383863,0.013447432762836185,0
518,04e23a4e945161521bb4d11099cdcba7_summary_fr,txt,225,56,0.8266666666666667,0.8266666666666667,0.0,0
519,9fad6115c3efe2492fdbfc07a917355c,pdf,3328,977,0.8143028846153846,0.8037860576923077,0.010516826923076924,10
520,6be17d64d7520bb41e90dbe3ed92a973_summary_fr,txt,649,155,0.7935285053929122,0.7889060092449923,0.004622496147919877,0
521,ff51f9376a472427cd101274e5469d68_summary_fr,txt,238,55,0.8235294117647058,0.8235294117647058,0.0,0
522,610b28017b5d8f296778d87377c23b9e,pdf,11923,2760,0.8263859766837205,0.8195085129581481,0.006877463725572423,0
523,a4fedd948481a28b3b68a824032e38e4_summary_en,txt,827,139,0.841596130592503,0.841596130592503,0.0,0
524,33a0c130cba037b27f392fb7ca64d9d7,pdf,8669,2475,0.8078209712769638,0.7917868266236013,0.016034144653362555,13
525,c202e9d12c7fc3bfca2950e2f0c1d91b_summary_en,txt,179,28,0.8603351955307262,0.8603351955307262,0.0,0
526,4568b2f1a787e3ea2a23fb323bb71d10,pdf,6395,1605,0.8050039093041439,0.7953088350273652,0.009695074276778733,0
527,f3bf24e4aca755a7657b0cb100d3b67e_summary_en,txt,383,62,0.8511749347258486,0.8511749347258486,0.0,0
528,ae57d801a81d3561912f1abff6e4f52e_summary_fr,txt,662,155,0.8172205438066465,0.7990936555891238,0.01812688821752266,0
529,8c5d2c37b1ab6c85bf83e17dc8688299_summary_fr,txt,266,73,0.8045112781954887,0.7744360902255639,0.03007518796992481,0
530,6c86a1969050caeb5680eac8d45f8d69_summary_en,txt,262,48,0.8320610687022901,0.8320610687022901,0.0,0
531,f993eb29b5e99330a0f60f164c017bff,pdf,1935,899,0.7943152454780362,0.7896640826873385,0.004651162790697674,0
532,19452b43d0a0f135fa9ee3df023a8cec_summary_fr,txt,328,69,0.8323170731707317,0.8323170731707317,0.0,0
533,9a7de93634097cfb667f8ba5df4c48ed_summary_en,txt,243,41,0.8641975308641975,0.8641975308641975,0.0,0
534,a6c8ae27fa043b0ca5d291d8fef61b45_summary_en,txt,421,77,0.831353919239905,0.831353919239905,0.0,0
535,d12753e5e357d47b237d79054c96644e,pdf,269,120,0.8029739776951673,0.7620817843866171,0.040892193308550186,0
536,85a7762ffdba91c9b11b478fb106894a_summary_fr,txt,596,123,0.8338926174496645,0.8338926174496645,0.0,0
537,3d37ee43014d5f375f9e25746b4568c2_summary_en,txt,259,43,0.8571428571428571,0.8571428571428571,0.0,0
538,a4fedd948481a28b3b68a824032e38e4,pdf,15090,3636,0.8182239893969516,0.8009277667329358,0.017296222664015905,16
539,430800357324de827d432d855e57c9c0,pdf,4497,1288,0.8003113186568823,0.7627307093617968,0.03758060929508561,8
540,78199ce04a046cec1bbad1fc9bac50d6_summary_en,txt,151,39,0.8145695364238411,0.8145695364238411,0.0,0
541,3d37ee43014d5f375f9e25746b4568c2,pdf,19494,5000,0.8142505386272699,0.791166512773161,0.023084025854108958,28
542,2285c9cb19fd191b424845ff7b1eb9df,pdf,8822,2499,0.8203355248243028,0.7944910451144865,0.02584447970981637,10
543,d0e1ed635c7b21b7aa4bd71e59dfd107,pdf,16388,4169,0.8135831095923847,0.793812545765194,0.019770563827190626,12
544,6bd741b4a75bde8afa2ec2cf548dc713,pdf,7674,2286,0.8003648683867605,0.7886369559551734,0.011727912431587178,1
545,542b3a0ae7ab0133a57370a10021c3bc,pdf,2502,880,0.7925659472422062,0.7430055955235811,0.0495603517186251,6
546,32ee72a6c48ad119a8748e1b975e8492_summary_en,txt,279,56,0.8172043010752689,0.8172043010752689,0.0,0
547,3b66dd749a5ee2b13782504fb4867622,pdf,5620,1479,0.8122775800711743,0.7882562277580071,0.02402135231316726,11
548,237afd76ec365244e94396095d2d95ab,pdf,5451,1452,0.8147128967161988,0.7805907172995781,0.0341221794166208,10
549,d5cf336ed4b7296cc7971bcb6f7f3b09_summary_en,txt,274,57,0.8138686131386861,0.8102189781021898,0.0036496350364963502,0
550,65719d05bc7236e7ae315c7eab6c2280_summary_en,txt,414,67,0.8454106280193237,0.8454106280193237,0.0,0
551,5eb31a81cf4a1012ad675bb8676afd92,pdf,4961,1522,0.8113283612174965,0.792178996170127,0.01914936504736948,3
552,fa939069fc6721defccc3152a86bcd69,pdf,4287,1218,0.801492885467693,0.7739678096571029,0.027525075810590157,8
553,802208e6dc3f634e83f1c7dff031aabe_summary_fr,txt,467,122,0.7901498929336188,0.7665952890792291,0.023554603854389723,0
554,034b70f000321618d8a30c8b8a1144c1,pdf,13731,3586,0.7892360352487073,0.7625810210472653,0.026655014201441993,20
555,6c86a1969050caeb5680eac8d45f8d69,pdf,17817,4975,0.8070382219228827,0.7834652298366729,0.0235729920862098,18
556,33f4883d8d8c56a98d3ae27c80f7e1be_summary_fr,txt,132,28,0.8257575757575758,0.8257575757575758,0.0,0
557,7869c646301fe82b50fc79cf0c1268c6_summary_fr,txt,634,134,0.8264984227129337,0.8264984227129337,0.0,0
558,2b9a69ac5eeadc0c455b5bda280f2b42_summary_fr,txt,258,58,0.8333333333333334,0.8333333333333334,0.0,0
559,63eb550c063fe80f29000c125e9bfb88_summary_en,txt,288,49,0.8402777777777778,0.8402777777777778,0.0,0
560,f41d3004703ead6ac5010377ad25edb6,pdf,64606,17366,0.8098164257189735,0.7867071169860385,0.02310930873293502,106
561,42f2cc2ffab0e35fd3d99b52e92cd72c_summary_en,txt,415,79,0.8168674698795181,0.8168674698795181,0.0,0
562,65719d05bc7236e7ae315c7eab6c2280,pdf,7654,1908,0.8166971518160439,0.8006271230729031,0.01607002874314084,17
563,642f2e1f8204bdbae674f5c6f647b1c2_summary_fr,txt,266,54,0.8383458646616542,0.8383458646616542,0.0,0
564,811ea219f422780d4365a5eea26e6bd1,pdf,32646,9637,0.8049071861790112,0.7747962996998101,0.030110886479201127,82
565,8dd75b8a1b9fcb3d6172c6dc602821e8_summary_fr,txt,492,110,0.8089430894308943,0.8028455284552846,0.006097560975609756,0
566,953c56c8a1d7f9d5b710111038aa7d3c,pdf,4943,1410,0.8132712927372041,0.7962775642322476,0.016993728504956503,7
567,7e02607fb3c4550a3c29eeaa830e5b05_summary_en,txt,224,42,0.8571428571428571,0.8571428571428571,0.0,0
568,ab78fcf1c8d6b6a7f2361bf27d8a25e8_summary_en,txt,586,107,0.8310580204778157,0.8310580204778157,0.0,0
569,9a4f27b1a8f825fdbc1ae699a9f53ce9_summary_fr,txt,435,99,0.8114942528735632,0.8091954022988506,0.0022988505747126436,0
570,eda9a30d749f908683df10513ec073e3_summary_fr,txt,826,160,0.8401937046004843,0.8401937046004843,0.0,0
571,843c4dbeb0d3145b5f45c29d6a889db6_summary_fr,txt,496,124,0.8185483870967742,0.8044354838709677,0.014112903225806451,0
572,27672815e206ca2d048d81dbb862dfc2,pdf,40816,11529,0.8106379851038809,0.7834917679341434,0.027146217169737356,25
573,1392eef3faa8f83e8df65299f328427f,pdf,184976,69978,0.7740409566646483,0.6941927601418563,0.07984819652279214,222
574,9ee59f1f19aca410c0c08f8b5def3561,pdf,5177,1325,0.8170755263666216,0.7919644581804134,0.02511106818620823,8
575,32ee72a6c48ad119a8748e1b975e8492,pdf,2846,819,0.7972593113141251,0.7775825720309206,0.019676739283204497,0
576,62f68d7170121d6227cb593f89c960bc_summary_fr,txt,243,58,0.831275720164609,0.831275720164609,0.0,0
577,05978b467e82ef92032e5a532c8d641a,pdf,5658,1515,0.8154825026511134,0.792859667727112,0.022622834924001415,11
578,dc8c5e78d11d9969ffa55cbe189dcbac,pdf,9749,2653,0.8151605292850549,0.7898245973946045,0.025335931890450303,19
579,2ba96f4f0e728e0baf4231476d36f766,pdf,1769,598,0.8072357263990956,0.7964951950254381,0.010740531373657434,0
580,949a997c1390eda20fff4e894a51cd7a,pdf,8190,2096,0.8173382173382173,0.8003663003663004,0.01697191697191697,16
581,6791a5e98cada2028f7189c41dced507,pdf,5791,1599,0.8093593507166292,0.7862199965463651,0.023139354170264203,8
582,63adb2bf45df271de366ee3b0cb1de6f,pdf,7726,2086,0.8006730520320994,0.7819052549831736,0.018767797048925706,5
583,744ec981d5d0f304d715be47f360de0a,pdf,95955,27996,0.8073055077901099,0.7799489343963316,0.027356573393778335,126
584,f3ea0f33d70fae83b5b7e56f5505faa8_summary_en,txt,370,70,0.827027027027027,0.827027027027027,0.0,0
585,cce72c6f171055b2a36453bc12b9dbf5,pdf,4122,1226,0.8054342552159146,0.7770499757399321,0.028384279475982533,3
586,b116844b5957cd739ab45db8b896df6c,pdf,7919,2819,0.8086879656522288,0.7710569516353075,0.03763101401692133,7
587,b928e9ff34d630b29630eb3b2fe30c60_summary_en,txt,339,58,0.8466076696165191,0.8466076696165191,0.0,0
588,ee1b8a7c180d631f6b34a6fb6ca7f2af,pdf,11491,2958,0.8128970498651118,0.792359237664259,0.02053781220085284,19
589,e48eb290f5924ec2682d5c6fc418785a_summary_fr,txt,277,52,0.8375451263537906,0.8375451263537906,0.0,0
590,b71124c132cc3433002c5d623884a5b8,pdf,10780,3048,0.7998144712430427,0.7686456400742115,0.03116883116883117,9
591,b71124c132cc3433002c5d623884a5b8_summary_en,txt,442,81,0.8280542986425339,0.8280542986425339,0.0,0
592,e2c22a34085297124a085ddcda8418aa_summary_fr,txt,849,230,0.8080094228504122,0.7820965842167256,0.02591283863368669,0
593,57a4f2800a7a255621419b3230964d99_summary_fr,txt,188,42,0.8297872340425532,0.8297872340425532,0.0,0
594,4422d72dc385850c30699c534368b41b_summary_en,txt,263,73,0.8060836501901141,0.7642585551330798,0.04182509505703422,0
595,610b28017b5d8f296778d87377c23b9e_summary_en,txt,462,79,0.8463203463203464,0.8463203463203464,0.0,0
596,63eb550c063fe80f29000c125e9bfb88,pdf,34618,9795,0.8091166445201918,0.773181581836039,0.03593506268415275,36
597,a9ecdda3c95d2a41e1455b93986eb713,pdf,1208,485,0.7640728476821192,0.7210264900662252,0.04304635761589404,0
598,21737be5e605907437c481f7e59d2567,pdf,13447,3739,0.8177288614560868,0.7994348181750577,0.018294043281029227,16
599,c22582508024a02e51d627fc14023bf8,pdf,27813,7466,0.8127494337180455,0.8011002049401359,0.011649228777909611,24
600,b21ed32cac4140449a8a99dddcd804ef_summary_fr,txt,148,25,0.8581081081081081,0.8581081081081081,0.0,0
601,21c2093077fc2745d3659973617e82c3,pdf,7992,2283,0.8171921921921922,0.7966716716716716,0.02052052052052052,10
602,b1b14e480f9d477cfa37686dd6a67a46,pdf,25775,8279,0.8102424830261882,0.7647332686711931,0.04550921435499515,34
603,f4a7ff2c466384af253f208432afafc7,pdf,6720,1881,0.8023809523809524,0.7763392857142857,0.026041666666666668,20
604,17d494d541f3f7a7d3b16b5cb0663752_summary_fr,txt,542,145,0.8099630996309963,0.7988929889298892,0.01107011070110701,0
605,a73bafee6ad437f5c24dbadd8d83ddc6_summary_fr,txt,321,67,0.8255451713395638,0.8255451713395638,0.0,0
606,2281130745c882b033d82232cc47837f_summary_fr,txt,384,82,0.8333333333333334,0.8333333333333334,0.0,0
607,18bbf2b57db57892e15c8cebc4dcb3eb,pdf,1191011,341610,0.8148850010621228,0.7909414774506701,0.023943523611452792,25
608,3fb091edf0ab939eec5e1ea848ff2428_summary_fr,txt,1149,285,0.814621409921671,0.814621409921671,0.0,0
609,034b70f000321618d8a30c8b8a1144c1_summary_en,txt,320,77,0.83125,0.796875,0.034375,0
610,2b8d809694effac8cf2516dd44746671_summary_en,txt,1049,280,0.8036224976167778,0.76930409914204,0.034318398474737846,0
611,55a742c66d5e6e7f49f7ab76d279dd76_summary_fr,txt,165,39,0.8363636363636363,0.8363636363636363,0.0,0
612,5e43615048734eb7baaba434ce9972fe_summary_en,txt,58,20,0.8448275862068966,0.7068965517241379,0.13793103448275862,0
613,3b66dd749a5ee2b13782504fb4867622_summary_en,txt,181,34,0.850828729281768,0.850828729281768,0.0,0
614,0aa7b08975e773a11082d5a41fa70766_summary_fr,txt,300,90,0.81,0.7733333333333333,0.03666666666666667,0
615,f41d3004703ead6ac5010377ad25edb6_summary_en,txt,653,219,0.7871362940275651,0.7059724349157733,0.08116385911179173,0
616,45249795a9e832d10139d65826c42908_summary_en,txt,233,41,0.8454935622317596,0.8454935622317596,0.0,0
617,150dfc12f35b5b33405d08417c03fca3_summary_en,txt,776,146,0.8286082474226805,0.8286082474226805,0.0,0
618,2e886cc981460ba41007b9f8343fc9c7,pdf,21397,7489,0.7877739870075244,0.7204280973968313,0.06734588961069309,36
619,c8db05f91c0711cb0319837a407bc637_summary_fr,txt,454,104,0.8325991189427313,0.8325991189427313,0.0,0
620,dae7dcc87bdb119358655ec9d34be2bb,pdf,1584,451,0.8162878787878788,0.8005050505050505,0.015782828282828284,0
621,95727e4a85eec5bb7ae5bbaf5aaa2805,pdf,1483,487,0.8084962913014161,0.7902899527983817,0.01820633850303439,1
