,doc_id,suffix,nb_chars,nb_tokens,ratio_alnum,ratio_al,ratio_num,nb_occ_article
0,097c153d24fcda1e4a3202512d0e3baa_summary_en.txt,.txt,323,61,0.8421052631578947,0.8421052631578947,0.0,0
1,32f5618496692a491d692ff60dd08b33.pdf,.pdf,11218,3371,0.7748261722232127,0.7443394544482083,0.030486717775004456,42
2,79e7687d661ac8af5d580db419c669cf.pdf,.pdf,10465,2594,0.7937888198757764,0.7672240802675585,0.02656473960821787,11
3,4d9ae361d7e9b577b961763a043cbcc6.pdf,.pdf,3275,958,0.7636641221374045,0.7331297709923664,0.030534351145038167,4
4,b9f12b18797f8bb68c0e4d2a05ad9d92.pdf,.pdf,6228,1758,0.7575465639049455,0.7377970456005138,0.0197495183044316,8
5,0118a9090dee3aa27b30d3f0fb62ef8f.pdf,.pdf,9322,2560,0.7858828577558464,0.7648573267539155,0.021025531001930917,9
6,5ab1925c2d1f2d42af13fd16f5218769.pdf,.pdf,7786,1971,0.7796044181864886,0.75764192139738,0.021962496789108655,15
7,744ec981d5d0f304d715be47f360de0a.pdf,.pdf,98837,27996,0.7837651891498123,0.7572063093780669,0.026558879771745397,126
8,b928e9ff34d630b29630eb3b2fe30c60.pdf,.pdf,93078,23359,0.791594146844582,0.7633919938116418,0.028202153032940113,169
9,df512571895223d2fbf7570132c114dd.docx,.docx,1863,359,0.8056897477187333,0.8056897477187333,0.0,0
10,c1feac5448601b891e68757083811224_summary_fr.txt,.txt,164,32,0.8414634146341463,0.8414634146341463,0.0,0
11,6aa9abfe5879f0fbfc0dbf0731370efe_summary_en.txt,.txt,343,62,0.8542274052478134,0.8542274052478134,0.0,0
12,2deecce524641c953c07d3274fc7b4a3_summary_en.txt,.txt,284,55,0.8274647887323944,0.8274647887323944,0.0,0
13,b64510c3efe1bd8561209c6997218201_summary_fr.txt,.txt,771,196,0.7937743190661478,0.7782101167315175,0.01556420233463035,0
14,50d8d3342d6b5b437cdb697d0c2625f2_summary_en.txt,.txt,315,63,0.8158730158730159,0.8158730158730159,0.0,0
15,1b36adb1a976b351fc6792cf10f51515_summary_fr.txt,.txt,323,67,0.8513931888544891,0.8513931888544891,0.0,0
16,c973915fcca2ada3cb498a8d03ea2d17.pdf,.pdf,10016,2796,0.7846445686900958,0.7642771565495208,0.02036741214057508,22
17,cb20d0882d1f7ba73c960984ed31e553.pdf,.pdf,5453,1547,0.772785622593068,0.7553640198056116,0.017421602787456445,6
18,d0e1ed635c7b21b7aa4bd71e59dfd107_summary_en.txt,.txt,231,41,0.8398268398268398,0.8398268398268398,0.0,0
19,9ee59f1f19aca410c0c08f8b5def3561_summary_en.txt,.txt,275,48,0.8363636363636363,0.8363636363636363,0.0,0
20,e46c5d2c336f95a1076df6eeb725571e.pdf,.pdf,1991,523,0.7559015570065294,0.7518834756403817,0.004018081366147665,0
21,b1b14e480f9d477cfa37686dd6a67a46_summary_en.txt,.txt,328,53,0.850609756097561,0.850609756097561,0.0,0
22,b30442f37c37fad30a366ed51f530b79.pdf,.pdf,3808,1248,0.7413340336134454,0.7292542016806722,0.01207983193277311,0
23,717e10a8c39129e60daf0d55cc3784fe.pdf,.pdf,12120,3305,0.7562706270627063,0.7281353135313532,0.028135313531353134,15
24,7fb5ad790148594edf594541cd8f7ec7_summary_fr.txt,.txt,319,70,0.8244514106583072,0.8244514106583072,0.0,0
25,3516d734eed78947f751ff96964dcea2.pdf,.pdf,3407,868,0.7783974170824772,0.7572644555327267,0.021132961549750515,0
26,206ec30cf3ae638400ae9f0b5467503c_summary_en.txt,.txt,446,84,0.8385650224215246,0.8385650224215246,0.0,0
27,a9ecdda3c95d2a41e1455b93986eb713.pdf,.pdf,1344,485,0.6867559523809523,0.6480654761904762,0.03869047619047619,0
28,04e23a4e945161521bb4d11099cdcba7.pdf,.pdf,3241,975,0.759950632520827,0.7361925331687751,0.023758099352051837,6
29,f47936135555022b62cfa95779f1876e.pdf,.pdf,17874,5988,0.7579724739845586,0.7115363097236209,0.046436164260937676,32
30,3976ecec7bf1095443bc5fb7a9493f38_summary_fr.txt,.txt,783,177,0.8212005108556832,0.8084291187739464,0.01277139208173691,0
31,c1db537d59c5fe226d880d024fe30a34_summary_fr.txt,.txt,848,206,0.8219339622641509,0.8007075471698113,0.02122641509433962,0
32,dae7dcc87bdb119358655ec9d34be2bb_summary_en.txt,.txt,564,134,0.8067375886524822,0.7907801418439716,0.015957446808510637,0
33,c9f1470cfd37c959196faa490f6c092e_summary_fr.txt,.txt,942,216,0.8099787685774947,0.79723991507431,0.012738853503184714,0
34,fc88e59377eb65c4dbb34d7efe528414_summary_en.txt,.txt,368,70,0.8396739130434783,0.8342391304347826,0.005434782608695652,1
35,a4e3627fbdb9ff282416776fa1b30376.pdf,.pdf,5558,1628,0.7741993522849946,0.7477509895645916,0.02644836272040302,9
36,9fad6115c3efe2492fdbfc07a917355c.pdf,.pdf,3538,977,0.7659694742792538,0.7560768795929904,0.009892594686263426,10
37,4d0c6ce0e75cb9982462d59f9c822e47.pdf,.pdf,38772,9792,0.7885587537398122,0.7609357268131641,0.027623026926648097,33
38,7ccb7c67381570a4897fd38bab1ecf8d_summary_fr.txt,.txt,464,107,0.8297413793103449,0.8297413793103449,0.0,0
39,64952162505ca2e229ec7ad6638bd69b_summary_en.txt,.txt,315,56,0.8380952380952381,0.8380952380952381,0.0,0
40,308721b4f1197f801a81c43e0b5cb02b.pdf,.pdf,13985,3711,0.7875580979621023,0.7666070790132284,0.020951018948873794,46
41,12507b30c4c82bf0c68ed7730131b7dd.pdf,.pdf,37983,8749,0.7914593370718479,0.7847984624700524,0.00666087460179554,0
42,8a0f116d39e6c1d5bc3afb6fdf82ffb9_summary_en.txt,.txt,197,33,0.8375634517766497,0.8375634517766497,0.0,0
43,85a7762ffdba91c9b11b478fb106894a.pdf,.pdf,20562,6313,0.7684563758389261,0.7384009337613072,0.03005544207761891,23
44,870502493255c73d096f219a8164844f.pdf,.pdf,4177,1132,0.7706487909983242,0.7433564759396696,0.027292315058654537,10
45,78199ce04a046cec1bbad1fc9bac50d6.pdf,.pdf,3458,1236,0.7669172932330827,0.6951995373048004,0.07171775592828225,0
46,ea81c4ea26f83ef36587a28a40ac53e7_summary_fr.txt,.txt,686,145,0.8177842565597667,0.8177842565597667,0.0,0
47,634ee62308d05acd90863f7e6893d6a1.pdf,.pdf,9186,2267,0.7902242543000217,0.7688874374047463,0.021336816895275418,13
48,dd178693341cf7a81e2b400fdd3c20df_summary_fr.txt,.txt,229,50,0.8253275109170306,0.8253275109170306,0.0,0
49,2f40b8188debf60ce7267b26dd005d11_summary_fr.txt,.txt,343,76,0.8279883381924198,0.8279883381924198,0.0,0
50,62f68d7170121d6227cb593f89c960bc.pdf,.pdf,4594,1425,0.7644754026991728,0.7211580322159338,0.043317370483239005,14
51,f54bbb4bf5f9f0d25ad6799bb0660503_summary_fr.txt,.txt,444,105,0.8198198198198198,0.8198198198198198,0.0,0
52,23b60ae44c6320bc72754375e891f827.pdf,.pdf,2147,673,0.7480204937121565,0.7419655333022822,0.006054960409874243,0
53,b904d065c7f01996aed1bc954c9aa6ee.pdf,.pdf,1970,628,0.7253807106598985,0.7157360406091371,0.009644670050761422,0
54,89e530e78ab71ad88cbd7c5bd74d4bb5_summary_en.txt,.txt,780,168,0.8166666666666667,0.8012820512820513,0.015384615384615385,0
55,5ab1925c2d1f2d42af13fd16f5218769_summary_en.txt,.txt,178,33,0.8370786516853933,0.8370786516853933,0.0,0
56,efb965e61138ce13f3b7ed6cb93b71fe_summary_en.txt,.txt,610,107,0.839344262295082,0.839344262295082,0.0,0
57,0b77afbc3ac9cd1c92a8258c918f85da_summary_en.txt,.txt,867,153,0.825836216839677,0.825836216839677,0.0,0
58,83b02c66de23cd13ee70b840e68d925a.pdf,.pdf,6299,1760,0.7728210827115415,0.7542467058263216,0.018574376885219877,6
59,dc1ee3cfe8a82a9adbd4db0481b6f4cb_summary_en.txt,.txt,380,66,0.8394736842105263,0.8394736842105263,0.0,0
60,b9929868d57c488b8d50e8cf4e0c97c4.pdf,.pdf,1890,610,0.7666666666666667,0.7232804232804233,0.04338624338624339,1
61,6eb77cd9f02e61c68fa3f88e901c42a2_summary_en.txt,.txt,142,28,0.8450704225352113,0.8450704225352113,0.0,0
62,408f80ed496699c6c485a49c91835d3c.pdf,.pdf,13674,3764,0.7708790405148457,0.7498903027643703,0.020988737750475356,14
63,673318e364c8d2789b37b789fb423e46.pdf,.pdf,16584,3933,0.7948022190062711,0.7792450554751568,0.015557163531114327,21
64,ea81c4ea26f83ef36587a28a40ac53e7.pdf,.pdf,6769,1974,0.7589008716206235,0.7365932929531689,0.022307578667454572,10
65,5eefcf21ec064519d08af920e277810f.pdf,.pdf,30368,7593,0.7908653846153846,0.7657402528977871,0.02512513171759747,83
66,430800357324de827d432d855e57c9c0.pdf,.pdf,4751,1288,0.7575247316354452,0.7219532729951589,0.035571458640286255,8
67,870502493255c73d096f219a8164844f_summary_en.txt,.txt,613,125,0.8221859706362153,0.8172920065252854,0.004893964110929853,0
68,a619867139a455e7260ee685d62d6c43.pdf,.pdf,19260,5308,0.7848390446521287,0.7670820353063343,0.017757009345794394,20
69,e9024da5c714b7668f13aeb6b27873f9_summary_fr.txt,.txt,152,39,0.8092105263157895,0.8092105263157895,0.0,0
70,22d0ee93c127df7a7543aa782f3bbd2a_summary_en.txt,.txt,481,87,0.8440748440748441,0.8440748440748441,0.0,0
71,6d40150905e88149592578ff8117ba39.pdf,.pdf,12926,3665,0.7720099025220486,0.7425344267368096,0.029475475785239052,32
72,2875ec9dd8b441625b1850542142b9f9_summary_en.txt,.txt,787,160,0.8310038119440915,0.818297331639136,0.012706480304955527,0
73,0322324c1ad657966d07dad39c19d5bb.pdf,.pdf,9870,2808,0.7741641337386018,0.7533941236068895,0.02077001013171226,8
74,21737be5e605907437c481f7e59d2567_summary_fr.txt,.txt,534,109,0.8164794007490637,0.8164794007490637,0.0,0
75,8c5d2c37b1ab6c85bf83e17dc8688299.pdf,.pdf,6788,2351,0.747348261638185,0.6766352386564526,0.07071302298173247,18
76,c202e9d12c7fc3bfca2950e2f0c1d91b.pdf,.pdf,6389,1687,0.7852559085928941,0.755204257317264,0.03005165127562999,13
77,da73df88b06e0646d3509a33287953ba_summary_fr.txt,.txt,213,43,0.8356807511737089,0.8356807511737089,0.0,0
78,4be493901ea03ad6080098be5b8d5356.pdf,.pdf,8148,1891,0.7881688757977418,0.7728276877761414,0.015341188021600392,10
79,3d4e0087ca5a0e685348ae052c18239d.pdf,.pdf,17747,4908,0.7754550064799685,0.756127796247253,0.01932721023271539,11
80,f21af16047e3bc4298d8c2ccc050f0fb.pdf,.pdf,1985,568,0.7385390428211587,0.7294710327455919,0.00906801007556675,0
81,31c5dc9c1ad2405504c3d838632408cd.pdf,.pdf,19965,6962,0.7540696218382169,0.6836964688204358,0.07037315301778112,22
82,aaac3d98fbd45b27060e0aab5370da8c_summary_en.txt,.txt,215,40,0.8465116279069768,0.8465116279069768,0.0,0
83,fcf7b538fecbf68a95c8ac7aeaae84fc.pdf,.pdf,8628,2508,0.7765414928140937,0.7611265646731572,0.015414928140936486,6
84,1527b4f47dc8c40054fc7e6fa6ae69bc.pdf,.pdf,7009,2092,0.7760022827792837,0.7510343843629619,0.02496789841632187,10
85,bbf8b955aae90a81cdd9e6cff291ecd2_summary_fr.txt,.txt,222,50,0.8423423423423423,0.8423423423423423,0.0,0
86,e49def72dfd4e311b9c1ca3f180ab356.pdf,.pdf,6104,1801,0.7783420707732635,0.7522935779816514,0.026048492791612057,10
87,f09c87a6c084c8f1ca93145b6c9c1f6a.pdf,.pdf,4720,1377,0.773728813559322,0.747457627118644,0.026271186440677965,9
88,9349058d88d825fbf845b12b0a0002c4.pdf,.pdf,5512,1654,0.7064586357039188,0.6997460087082729,0.006712626995645864,3
89,21b3e66e5464f54f58cbcaa99a1072f1_summary_en.txt,.txt,224,44,0.8214285714285714,0.8214285714285714,0.0,0
90,77957f6fa8d931bef7d36f403136bbd9_summary_en.txt,.txt,711,130,0.8312236286919831,0.8312236286919831,0.0,0
91,58cd439e402fe7a2a1ede899008cc7e0_summary_fr.txt,.txt,235,51,0.8212765957446808,0.8212765957446808,0.0,0
92,fce6c8b488b7e32f29e6904bd1970aa6_summary_en.txt,.txt,234,36,0.8589743589743589,0.8589743589743589,0.0,0
93,25f2e2dafb0ad82e382de5903faf3581.pdf,.pdf,200603,75258,0.7453826712461927,0.6607179354246946,0.08466473582149818,222
94,ba7726a7ecd1f6de52eec6f830a0eab1_summary_fr.txt,.txt,220,55,0.8090909090909091,0.8090909090909091,0.0,0
95,21c2093077fc2745d3659973617e82c3.pdf,.pdf,8268,2283,0.7899129172714079,0.7700774068698597,0.01983551040154814,10
96,7289ae89243c2ad8176f358fd1793fc1_summary_fr.txt,.txt,314,61,0.8343949044585988,0.8343949044585988,0.0,0
97,1c7b4a831284608fa3f1ab352233edff.pdf,.pdf,4970,1310,0.7698189134808853,0.7488933601609657,0.020925553319919517,3
98,ee1b8a7c180d631f6b34a6fb6ca7f2af.pdf,.pdf,11894,2958,0.7853539599798217,0.7655120228686733,0.01984193711114848,19
99,2e886cc981460ba41007b9f8343fc9c7_summary_fr.txt,.txt,151,33,0.8344370860927153,0.8344370860927153,0.0,0
100,9fe2f4c47b141ca58a362a5c0a8c53cf_summary_en.txt,.txt,3534,711,0.8123938879456706,0.8047538200339559,0.007640067911714771,5
101,ed2ab474f2f7d68b41973c706694f9b9_summary_en.txt,.txt,1512,290,0.8220899470899471,0.8121693121693122,0.00992063492063492,5
102,bda604bc922c0bc7e121765183c31710_summary_fr.txt,.txt,255,56,0.8352941176470589,0.8352941176470589,0.0,0
103,6525902dc9c3bb971525a1a7786ea721_summary_en.txt,.txt,248,43,0.842741935483871,0.842741935483871,0.0,0
104,5eb31a81cf4a1012ad675bb8676afd92_summary_fr.txt,.txt,523,135,0.7954110898661568,0.7724665391969407,0.022944550669216062,0
105,8c0bb47c6baa135bc5fedf4ad94116e7_summary_fr.txt,.txt,825,173,0.8218181818181818,0.8218181818181818,0.0,0
106,83b02c66de23cd13ee70b840e68d925a_summary_fr.txt,.txt,1036,263,0.805984555984556,0.7866795366795367,0.019305019305019305,0
107,4dc72ff6d59108ccf63333589febe56e.pdf,.pdf,11929,2943,0.7882471288456702,0.7763433649090452,0.011903763936625032,10
108,7b3a7555a7ca66d65a31ff4058ad3d25_summary_en.txt,.txt,202,39,0.8514851485148515,0.8514851485148515,0.0,0
109,5f909c5f962b5e6f610527d2469d8dfb_summary_en.txt,.txt,81,24,0.8395061728395061,0.7407407407407407,0.09876543209876543,0
110,6f16124b87a9efd2fdd21d2912ebe648.pdf,.pdf,27193,7231,0.7809362703636965,0.7439782296914648,0.03695804067223182,104
111,76183b1efbb2c86b2adc1d64949e9d38.pdf,.pdf,11263,3487,0.7559264849507236,0.6988368995827045,0.057089585368019176,26
112,097c153d24fcda1e4a3202512d0e3baa.pdf,.pdf,4550,1213,0.7835164835164835,0.7575824175824176,0.025934065934065935,8
113,a4e3627fbdb9ff282416776fa1b30376_summary_fr.txt,.txt,654,153,0.8149847094801224,0.8149847094801224,0.0,0
114,31c5dc9c1ad2405504c3d838632408cd_summary_fr.txt,.txt,330,80,0.8,0.7848484848484848,0.015151515151515152,0
115,0220a989c702fc75aa9554114aa01587.pdf,.pdf,27468,8885,0.7600844619193243,0.7070409203436726,0.053043541575651665,52
116,57815ce49516c8ee5313147e789ddd98_summary_fr.txt,.txt,280,66,0.8071428571428572,0.8071428571428572,0.0,0
117,ca165f0a6d8c1d59580bf59e08243e23.pdf,.pdf,9528,2566,0.7868387909319899,0.7729848866498741,0.013853904282115869,10
118,0c54806139f0628a3c1172ca6b6aad75_summary_en.txt,.txt,276,51,0.8260869565217391,0.8260869565217391,0.0,0
119,498794ad93be2a7dbd042858175d54fc_summary_fr.txt,.txt,481,102,0.8191268191268192,0.8191268191268192,0.0,0
120,8c7655e03fef9d046e504dd052c328b0_summary_en.txt,.txt,291,58,0.8281786941580757,0.8281786941580757,0.0,0
121,92c37e9fb736c0418a671c50e1fb4ada.pdf,.pdf,6321,2046,0.7119126720455624,0.7060591678531878,0.005853504192374624,0
122,9caf2e1be07757f8fa04131e217dd6ed.pdf,.pdf,32104,10241,0.7738288063792674,0.7093197109394468,0.06450909543982059,44
123,c8db05f91c0711cb0319837a407bc637.pdf,.pdf,6300,1820,0.7792063492063492,0.7534920634920635,0.025714285714285714,22
124,fc88e59377eb65c4dbb34d7efe528414.pdf,.pdf,3814,978,0.7813319349764027,0.7535395909805978,0.02779234399580493,10
125,3528153b2d9928fcd27680cbf4c4a72b.pdf,.pdf,17391,4924,0.7840837214651256,0.759588292795124,0.024495428670001724,16
126,95727e4a85eec5bb7ae5bbaf5aaa2805.pdf,.pdf,1630,487,0.7355828220858895,0.7190184049079754,0.016564417177914112,1
127,de2d69fff1d0a781982b4e14dd582321_summary_fr.txt,.txt,242,53,0.859504132231405,0.859504132231405,0.0,0
128,9fad6115c3efe2492fdbfc07a917355c_summary_fr.txt,.txt,326,67,0.8374233128834356,0.8374233128834356,0.0,0
129,837ffe5759b8898b2cbbdd1e577773b8.pdf,.pdf,13764,4159,0.741862830572508,0.7173786689915722,0.024484161580935776,10
130,5e43615048734eb7baaba434ce9972fe.pdf,.pdf,247590,63364,0.8024920231027102,0.7951169271779959,0.007375095924714245,0
131,6c86a1969050caeb5680eac8d45f8d69.pdf,.pdf,18598,4975,0.7731476502849769,0.7505645768362189,0.022583073448757932,18
132,5635f5aa326e80faf3975cd12b55fbb0.pdf,.pdf,22762,6572,0.7783586679553642,0.750197697917582,0.028160970037782267,27
133,c4a2e68af3243bee3d6592672215ff74_summary_en.txt,.txt,613,130,0.8205546492659054,0.8075040783034257,0.013050570962479609,0
134,f327a4c3d837a2d94e7dbec4e4c12a31.pdf,.pdf,32821,8821,0.7781907924804241,0.7465342311325066,0.03165656134791749,30
135,18cff7a2174a6227d4828c495634b038_summary_en.txt,.txt,326,54,0.8466257668711656,0.8466257668711656,0.0,0
136,150dfc12f35b5b33405d08417c03fca3.pdf,.pdf,47847,11529,0.7208811419733735,0.7107028653834097,0.010178276589963843,0
137,2bd0eeb51bd21d80636c3e1567644dc2.pdf,.pdf,3622,1020,0.7771949199337382,0.7581446714522363,0.019050248481501934,1
138,f21af16047e3bc4298d8c2ccc050f0fb_summary_fr.txt,.txt,440,115,0.8022727272727272,0.7931818181818182,0.00909090909090909,0
139,70e09440195ce54e5e83f1620055a766.pdf,.pdf,9817,2876,0.7304675562799225,0.7107059183049812,0.019761637974941428,0
140,45249795a9e832d10139d65826c42908.pdf,.pdf,6892,1796,0.7868543238537434,0.7588508415554266,0.028003482298316888,14
141,dae7dcc87bdb119358655ec9d34be2bb.pdf,.pdf,1719,451,0.7521815008726004,0.7376381617219313,0.014543339150668994,0
142,802208e6dc3f634e83f1c7dff031aabe.pdf,.pdf,27388,7724,0.7830801811012122,0.759821819775084,0.02325836132612823,22
143,893341e90a4c86417f4d62e927548167.pdf,.pdf,9046,2264,0.786093300906478,0.7633208047755914,0.02277249613088658,22
144,67bc653c99ed9a2335c156017e34bfde_summary_en.txt,.txt,791,154,0.8255372945638433,0.8255372945638433,0.0,0
145,78199ce04a046cec1bbad1fc9bac50d6_summary_fr.txt,.txt,152,39,0.8092105263157895,0.8092105263157895,0.0,0
146,67bc653c99ed9a2335c156017e34bfde.pdf,.pdf,6920,1816,0.78121387283237,0.7482658959537573,0.032947976878612714,24
147,610b28017b5d8f296778d87377c23b9e_summary_fr.txt,.txt,542,120,0.8357933579335793,0.8357933579335793,0.0,0
148,4a590e2caa0a9a3b3bbe229f4021e16b.pdf,.pdf,3410,1097,0.7586510263929619,0.7225806451612903,0.036070381231671556,6
149,308721b4f1197f801a81c43e0b5cb02b_summary_fr.txt,.txt,500,102,0.83,0.83,0.0,0
150,206ec30cf3ae638400ae9f0b5467503c.pdf,.pdf,31529,9729,0.7712899235624345,0.7450283865647499,0.026261536997684673,0
151,f09c87a6c084c8f1ca93145b6c9c1f6a_summary_fr.txt,.txt,337,77,0.8219584569732937,0.8219584569732937,0.0,0
152,64952162505ca2e229ec7ad6638bd69b.pdf,.pdf,21311,5741,0.7702125662803248,0.7436535122706583,0.02655905400966637,23
153,37ed9b6ea52145b9b2ec782ebce4ba0b.pdf,.pdf,13612,3491,0.7939318248604172,0.7830590655304144,0.010872759330002939,36
154,69548b6abab1b44ebc1d4ffd305d357b_summary_en.txt,.txt,1035,229,0.8164251207729468,0.8164251207729468,0.0,0
155,542b3a0ae7ab0133a57370a10021c3bc.pdf,.pdf,2642,880,0.7505677517032551,0.7036336109008327,0.046934140802422405,6
156,6bd741b4a75bde8afa2ec2cf548dc713_summary_fr.txt,.txt,240,54,0.825,0.825,0.0,0
157,c4e23648787432ea45361046498d3c5b.pdf,.pdf,8655,2412,0.7727325245522819,0.750317735413056,0.022414789139225882,15
158,8dd75b8a1b9fcb3d6172c6dc602821e8.pdf,.pdf,98629,33534,0.765890356791613,0.6932849364791288,0.07260542031248415,87
159,9a7de93634097cfb667f8ba5df4c48ed.pdf,.pdf,3182,924,0.7752985543683218,0.7335009428032684,0.041797611565053426,8
160,501d7e2867b4aafadba5933fef12e8fe_summary_fr.txt,.txt,266,53,0.8233082706766918,0.8233082706766918,0.0,0
161,f993eb29b5e99330a0f60f164c017bff.pdf,.pdf,2132,899,0.7209193245778611,0.7166979362101313,0.004221388367729831,0
162,21b3e66e5464f54f58cbcaa99a1072f1.pdf,.pdf,10516,2937,0.7890833016356029,0.75038037276531,0.038702928870292884,12
163,428c3e1ce3d57405b6b16c1391d82913.pdf,.pdf,833,303,0.6386554621848739,0.5678271308523409,0.07082833133253301,3
164,c973915fcca2ada3cb498a8d03ea2d17_summary_fr.txt,.txt,359,79,0.8272980501392758,0.8245125348189415,0.002785515320334262,0
165,64353226b6e3a5df8a0f08635b04432c_summary_en.txt,.txt,616,142,0.8133116883116883,0.7954545454545454,0.017857142857142856,0
166,2285c9cb19fd191b424845ff7b1eb9df.pdf,.pdf,9075,2499,0.797465564738292,0.7723415977961432,0.02512396694214876,10
167,ba7726a7ecd1f6de52eec6f830a0eab1.pdf,.pdf,17167,5025,0.7787615774450981,0.7488786625502417,0.02988291489485641,54
168,8e6d55a06156ff2bb822304fa311439f_summary_en.txt,.txt,700,176,0.82,0.7771428571428571,0.04285714285714286,0
169,42f2cc2ffab0e35fd3d99b52e92cd72c.pdf,.pdf,43055,12281,0.7565904076181628,0.7425386134014632,0.014051794216699571,58
170,953c56c8a1d7f9d5b710111038aa7d3c_summary_fr.txt,.txt,280,65,0.825,0.825,0.0,0
171,6e06dffe27d2319a0f5c773813e42c4a.pdf,.pdf,11555,3319,0.7790566854175681,0.7512765036780614,0.027780181739506707,50
172,b6bd1df0d361af11f59b83c8f0343894_summary_fr.txt,.txt,118,33,0.8050847457627118,0.8050847457627118,0.0,0
173,12507b30c4c82bf0c68ed7730131b7dd_summary_en.txt,.txt,200,47,0.83,0.79,0.04,0
174,634ee62308d05acd90863f7e6893d6a1_summary_en.txt,.txt,215,39,0.8465116279069768,0.8465116279069768,0.0,0
175,724f4a757f4d6415f3ff76e56190b0a7.pdf,.pdf,2705,740,0.767467652495379,0.7408502772643253,0.026617375231053605,0
176,058b3d57777afcde21a68d08080df6ee_summary_fr.txt,.txt,738,193,0.8170731707317073,0.7764227642276422,0.04065040650406504,0
177,32f5618496692a491d692ff60dd08b33_summary_fr.txt,.txt,258,67,0.8062015503875969,0.8062015503875969,0.0,0
178,a9fa91b8f68f0826aa1d4b545e55724f_summary_fr.txt,.txt,1214,337,0.7965403624382208,0.7660626029654036,0.030477759472817133,0
179,6c2988342387dec3013bab4c31f4f9d1_summary_en.txt,.txt,178,37,0.8258426966292135,0.8258426966292135,0.0,0
180,3be1ad6df310141616ba780f297e25b7.pdf,.pdf,32438,8287,0.7834946667488748,0.7609901966829028,0.022504470065972008,60
181,f4a7ff2c466384af253f208432afafc7_summary_en.txt,.txt,675,134,0.8192592592592592,0.8192592592592592,0.0,0
182,430800357324de827d432d855e57c9c0_summary_en.txt,.txt,617,129,0.8379254457050244,0.8184764991896273,0.019448946515397084,0
183,19452b43d0a0f135fa9ee3df023a8cec.pdf,.pdf,10088,2733,0.7786478984932593,0.764274385408406,0.01437351308485329,10
184,3d4e0087ca5a0e685348ae052c18239d_summary_fr.txt,.txt,244,56,0.8155737704918032,0.8155737704918032,0.0,0
185,8a42755018b489af27b83d5d700606ed_summary_en.txt,.txt,315,63,0.8222222222222222,0.8222222222222222,0.0,0
186,206ec30cf3ae638400ae9f0b5467503c_summary_fr.txt,.txt,523,110,0.8317399617590823,0.8317399617590823,0.0,0
187,6c2988342387dec3013bab4c31f4f9d1.pdf,.pdf,6426,1629,0.7777777777777778,0.7659508247743542,0.011826953003423592,8
188,7e02607fb3c4550a3c29eeaa830e5b05.pdf,.pdf,24032,7504,0.7621088548601864,0.6933255659121171,0.06878328894806925,37
189,be94d80a0dd8b146d92fc7a2decf6db9_summary_en.txt,.txt,468,84,0.8354700854700855,0.8354700854700855,0.0,0
190,3d37ee43014d5f375f9e25746b4568c2.pdf,.pdf,20153,5000,0.787624671264824,0.7652954895052846,0.02232918175953952,28
191,dc1ee3cfe8a82a9adbd4db0481b6f4cb.pdf,.pdf,11601,2788,0.76820963710025,0.7517455391776571,0.01646409792259288,7
192,65719d05bc7236e7ae315c7eab6c2280.pdf,.pdf,7966,1908,0.7847100175746925,0.7692693949284459,0.015440622646246549,17
193,46a313db6279d7bba0e1413f197d59fa_summary_fr.txt,.txt,263,51,0.8326996197718631,0.8326996197718631,0.0,0
194,6bd741b4a75bde8afa2ec2cf548dc713.pdf,.pdf,8036,2286,0.7643106022896964,0.75311100049776,0.011199601791936287,1
195,c395098dee071ebea47a8db44dfb2c2d_summary_fr.txt,.txt,605,138,0.8181818181818182,0.8115702479338843,0.006611570247933884,0
196,1392eef3faa8f83e8df65299f328427f_summary_fr.txt,.txt,418,104,0.8110047846889952,0.8086124401913876,0.0023923444976076554,0
197,ddf93d3260dc0a4cee68b612a8a3ad02.pdf,.pdf,16701,4475,0.7712113047122927,0.749895215855338,0.021316088856954674,12
198,8b85701a4da5515544e064a65417bce2_summary_en.txt,.txt,549,97,0.8287795992714025,0.8287795992714025,0.0,0
199,7a2993c943fc2368597f5aa408de8193_summary_fr.txt,.txt,720,165,0.8222222222222222,0.8111111111111111,0.011111111111111112,0
200,21c2093077fc2745d3659973617e82c3_summary_fr.txt,.txt,405,82,0.837037037037037,0.837037037037037,0.0,0
201,05978b467e82ef92032e5a532c8d641a_summary_en.txt,.txt,1018,223,0.8172888015717092,0.7956777996070727,0.021611001964636542,0
202,4568b2f1a787e3ea2a23fb323bb71d10.pdf,.pdf,6623,1605,0.7772912577381851,0.7679299411142987,0.009361316623886456,0
203,cce72c6f171055b2a36453bc12b9dbf5.pdf,.pdf,4266,1226,0.7782466010314112,0.7508204406938584,0.027426160337552744,3
204,f9cdd79bc61140ed6bc03380c522719d.pdf,.pdf,39576,11653,0.7819385486153224,0.7499494643218112,0.031989084293511216,31
205,1527b4f47dc8c40054fc7e6fa6ae69bc_summary_fr.txt,.txt,199,42,0.8391959798994975,0.8391959798994975,0.0,0
206,fc7c6d9f06951be96f7f81df26259a37_summary_en.txt,.txt,396,73,0.8358585858585859,0.8358585858585859,0.0,0
207,b5cd04c2811f540025c51a92d9f88b97.pdf,.pdf,4522,1218,0.7675807164971251,0.7439186200796107,0.023662096417514374,11
208,766b074dbe96c408b7b2a7c0510365e8_summary_en.txt,.txt,443,108,0.8036117381489842,0.7787810383747178,0.024830699774266364,0
209,cc5892c4733132d53bdd76e1c33aed12_summary_fr.txt,.txt,360,72,0.8361111111111111,0.8361111111111111,0.0,0
210,6c2988342387dec3013bab4c31f4f9d1_summary_fr.txt,.txt,200,41,0.835,0.835,0.0,0
211,b8a0dfbd02300d8aec58cd0b530030e6.pdf,.pdf,77254,23814,0.7730344059854506,0.7023843425583142,0.07065006342713646,108
212,9fe2f4c47b141ca58a362a5c0a8c53cf.pdf,.pdf,20400,5570,0.7772058823529412,0.7392647058823529,0.037941176470588235,52
213,55a742c66d5e6e7f49f7ab76d279dd76_summary_en.txt,.txt,157,34,0.8471337579617835,0.8471337579617835,0.0,0
214,610b28017b5d8f296778d87377c23b9e.pdf,.pdf,12055,2760,0.8173372044794691,0.8105350476980506,0.006802156781418499,0
215,f505f7570f6a13967247e7e8911fea95.pdf,.pdf,9508,2395,0.7182372738746319,0.6984644509886412,0.019772822885990745,3
216,811ea219f422780d4365a5eea26e6bd1.pdf,.pdf,33692,9637,0.7799180814436661,0.7507420159088211,0.02917606553484507,82
217,542b3a0ae7ab0133a57370a10021c3bc_summary_fr.txt,.txt,197,47,0.8121827411167513,0.8121827411167513,0.0,0
218,1c37ce3d8aef4359254e24f1f7990cbf.pdf,.pdf,1727,604,0.7203242617255357,0.65836711059641,0.06195715112912565,3
219,5f909c5f962b5e6f610527d2469d8dfb.pdf,.pdf,24129,5680,0.8111401218450827,0.7931534667827096,0.01798665506237308,0
220,aaac3d98fbd45b27060e0aab5370da8c.pdf,.pdf,2982,826,0.7649228705566734,0.7397719651240778,0.025150905432595575,6
221,cb215e6b1eaf4b60c0a76818497a00f2_summary_en.txt,.txt,580,102,0.8396551724137931,0.8396551724137931,0.0,0
222,fa939069fc6721defccc3152a86bcd69.pdf,.pdf,4470,1218,0.7686800894854586,0.7422818791946308,0.026398210290827742,8
223,237afd76ec365244e94396095d2d95ab_summary_en.txt,.txt,611,107,0.8297872340425532,0.8297872340425532,0.0,0
224,c178843304a64bbcc85c2ad9ff7fcda3_summary_en.txt,.txt,552,103,0.8188405797101449,0.8115942028985508,0.007246376811594203,2
225,1c7b4a831284608fa3f1ab352233edff_summary_en.txt,.txt,509,120,0.8015717092337917,0.7799607072691552,0.021611001964636542,0
226,fa6f6cb4bf47763d0afdc0993caf3d3a_summary_fr.txt,.txt,528,103,0.8465909090909091,0.8465909090909091,0.0,0
227,f54bbb4bf5f9f0d25ad6799bb0660503.pdf,.pdf,11583,3419,0.77000777000777,0.747992747992748,0.022015022015022014,9
228,b8a0dfbd02300d8aec58cd0b530030e6_summary_en.txt,.txt,354,60,0.8389830508474576,0.8389830508474576,0.0,0
229,bb34db4c0a5a40a8657df8e5181852f7_summary_en.txt,.txt,412,69,0.8495145631067961,0.8495145631067961,0.0,0
230,dd6fab4c740836f2085b57ac5097bbf9_summary_en.txt,.txt,228,37,0.8552631578947368,0.8552631578947368,0.0,0
231,ed2ab474f2f7d68b41973c706694f9b9.pdf,.pdf,18355,4385,0.7940615636066467,0.7760283301552711,0.018033233451375648,23
232,1b36adb1a976b351fc6792cf10f51515.pdf,.pdf,8393,2347,0.7680209698558322,0.7538424877874419,0.014178482068390326,8
233,a68fc4fbeaf6f38240722db4a7c5a3aa.pdf,.pdf,48585,15752,0.7698466604919214,0.7105896881753627,0.05925697231655861,82
234,9e3f1687ebb23abddb712bd2c7fbe2e2_summary_fr.txt,.txt,866,185,0.8187066974595842,0.8187066974595842,0.0,0
235,a9fa91b8f68f0826aa1d4b545e55724f.pdf,.pdf,31835,9143,0.788032040207319,0.7701900424061567,0.017841997801162243,28
236,6f16124b87a9efd2fdd21d2912ebe648_summary_en.txt,.txt,234,37,0.8632478632478633,0.8632478632478633,0.0,0
237,a10762262f89f7a328bced5d8659983d.pdf,.pdf,3139,847,0.7050015928639695,0.6960815546352341,0.008920038228735267,0
238,4e1f300a2191b7aa1a2afe758f052b64.pdf,.pdf,5405,1496,0.7768732654949121,0.7622571692876966,0.014616096207215542,7
239,4e1f300a2191b7aa1a2afe758f052b64_summary_fr.txt,.txt,573,131,0.8202443280977313,0.8202443280977313,0.0,0
240,5f34b6813d5938c67a11dc17bc752fd2.pdf,.pdf,7032,2033,0.7778725824800911,0.7502844141069397,0.027588168373151308,12
241,47cc1e1f3fae3bc294d34f19d79cf60f.pdf,.pdf,2605,787,0.7650671785028791,0.7170825335892514,0.04798464491362764,6
242,07498eff67d6c1d7972e571eca238a9f_summary_fr.txt,.txt,294,69,0.826530612244898,0.826530612244898,0.0,0
243,74ea216c2665953e5174cf1fd01229e6.pdf,.pdf,21526,5459,0.7925299637647496,0.7662361795038558,0.026293784260893804,53
244,a4fedd948481a28b3b68a824032e38e4.pdf,.pdf,15825,3636,0.7802211690363349,0.7637282780410742,0.016492890995260665,16
245,20731ddefa3b1cf0450bbe63859554f8_summary_en.txt,.txt,336,83,0.8184523809523809,0.7827380952380952,0.03571428571428571,0
246,9e3f1687ebb23abddb712bd2c7fbe2e2.pdf,.pdf,4335,1262,0.7713956170703575,0.7432525951557093,0.028143021914648212,6
247,83cd7b1f684ca3bdd7365420a64f9ba5.pdf,.pdf,8029,2160,0.7796736828994894,0.7652260555486362,0.014447627350853157,9
248,20731ddefa3b1cf0450bbe63859554f8.pdf,.pdf,14395,3483,0.7616533518582841,0.7433136505731157,0.01833970128516846,19
249,7289ae89243c2ad8176f358fd1793fc1.pdf,.pdf,5642,1559,0.7798652959943283,0.7578872740163063,0.02197802197802198,1
250,949a997c1390eda20fff4e894a51cd7a.pdf,.pdf,8505,2096,0.787066431510876,0.7707231040564374,0.016343327454438564,16
251,3be1ad6df310141616ba780f297e25b7_summary_en.txt,.txt,236,43,0.8347457627118644,0.8347457627118644,0.0,0
252,5635f5aa326e80faf3975cd12b55fbb0_summary_fr.txt,.txt,592,125,0.8209459459459459,0.8192567567567568,0.0016891891891891893,0
253,d5cf336ed4b7296cc7971bcb6f7f3b09.pdf,.pdf,7156,1830,0.788848518725545,0.7599217439910565,0.028926774734488542,13
254,4be493901ea03ad6080098be5b8d5356_summary_en.txt,.txt,276,45,0.8442028985507246,0.8442028985507246,0.0,0
255,4d9ae361d7e9b577b961763a043cbcc6_summary_fr.txt,.txt,271,63,0.8118081180811808,0.8044280442804428,0.007380073800738007,0
256,5edbdb214371a0c666c474ff14d2a9ff.pdf,.pdf,237068,64386,0.7772959657144786,0.7440818668061484,0.033214098908330096,473
257,57815ce49516c8ee5313147e789ddd98.pdf,.pdf,19748,6150,0.7629633380595503,0.7402774964553372,0.022685841604213084,17
258,4a590e2caa0a9a3b3bbe229f4021e16b_summary_fr.txt,.txt,266,60,0.8383458646616542,0.8383458646616542,0.0,0
259,17d494d541f3f7a7d3b16b5cb0663752.pdf,.pdf,1781,521,0.7389107243121842,0.7248736664795059,0.01403705783267827,0
260,0b77afbc3ac9cd1c92a8258c918f85da.pdf,.pdf,4455,1168,0.7753086419753087,0.7479236812570146,0.027384960718294053,5
261,c395098dee071ebea47a8db44dfb2c2d.pdf,.pdf,118814,45731,0.7565185920851079,0.6441160132644301,0.1124025788206777,128
262,28f2fe5aaf959ea86322064719a8221c_summary_fr.txt,.txt,206,59,0.8155339805825242,0.7766990291262136,0.038834951456310676,0
263,efb965e61138ce13f3b7ed6cb93b71fe.pdf,.pdf,8693,2206,0.7883354423099045,0.7634878637984586,0.024847578511445992,14
264,fed8a1bfce8f2a3b7a261ea0110787a6_summary_fr.txt,.txt,80,29,0.8,0.7,0.1,0
265,149a7fa22be4400ca1b63235d78346da_summary_en.txt,.txt,308,56,0.8441558441558441,0.8441558441558441,0.0,0
266,1573b856afd95f1b0544801e11437ad0.pdf,.pdf,1922,620,0.7242455775234131,0.7018730489073881,0.022372528616024973,0
267,a619867139a455e7260ee685d62d6c43_summary_fr.txt,.txt,1514,365,0.8117569352708058,0.8018494055482166,0.009907529722589167,0
268,33a0c130cba037b27f392fb7ca64d9d7.pdf,.pdf,8998,2475,0.7782840631251389,0.7628361858190709,0.015447877306068015,13
269,a2428b5192404476dad1c0fa7b4b43d2.pdf,.pdf,4639,1406,0.7592153481353741,0.7359344686354817,0.02328087949989222,8
270,5b78cf249defaea81c858608685b896f.pdf,.pdf,6149,1394,0.7734590990404944,0.7628882745161815,0.010570824524312896,0
271,a2428b5192404476dad1c0fa7b4b43d2_summary_fr.txt,.txt,268,60,0.8283582089552238,0.8283582089552238,0.0,0
272,fcf7b538fecbf68a95c8ac7aeaae84fc_summary_fr.txt,.txt,166,37,0.8313253012048193,0.8313253012048193,0.0,0
273,642f2e1f8204bdbae674f5c6f647b1c2.pdf,.pdf,8516,2985,0.7344997651479568,0.7018553311413809,0.03264443400657586,5
274,3b939888903c18b49ba294e1df660d22_summary_fr.txt,.txt,494,128,0.8016194331983806,0.7834008097165992,0.018218623481781375,0
275,3bbe7877e0bdafebf848b6a0ba0aacab.pdf,.pdf,1680,566,0.7255952380952381,0.6535714285714286,0.07202380952380952,4
276,a9d6377df7a98ab5e0c05f6d1f13844c.pdf,.pdf,4000,1192,0.71225,0.7035,0.00875,0
277,04e70341c4b9aadeae1adbfc35b032b3.pdf,.pdf,3287,912,0.7596592637663523,0.7365378764831153,0.023121387283236993,5
278,4471cdff28bc6ce1e3c5a9d8ee20d9a8.pdf,.pdf,14912,3606,0.7889619098712446,0.7669662017167382,0.021995708154506438,27
279,de2d69fff1d0a781982b4e14dd582321.pdf,.pdf,3640,1048,0.7771978021978022,0.7612637362637362,0.015934065934065933,5
280,c72a5297c53fdc017e79952facde7775.pdf,.pdf,7840,2184,0.7710459183673469,0.7474489795918368,0.023596938775510203,10
281,f9cdd79bc61140ed6bc03380c522719d_summary_fr.txt,.txt,341,61,0.8475073313782991,0.8475073313782991,0.0,0
282,c178843304a64bbcc85c2ad9ff7fcda3.pdf,.pdf,1838,437,0.7568008705114254,0.7470076169749728,0.009793253536452665,0
283,893341e90a4c86417f4d62e927548167_summary_en.txt,.txt,342,58,0.8450292397660819,0.8450292397660819,0.0,0
284,c72a5297c53fdc017e79952facde7775_summary_fr.txt,.txt,280,52,0.8464285714285714,0.8464285714285714,0.0,0
285,83cd7b1f684ca3bdd7365420a64f9ba5_summary_fr.txt,.txt,432,85,0.8379629629629629,0.8379629629629629,0.0,0
286,76183b1efbb2c86b2adc1d64949e9d38_summary_en.txt,.txt,705,162,0.8141843971631205,0.7943262411347518,0.019858156028368795,0
287,ae57d801a81d3561912f1abff6e4f52e.pdf,.pdf,4833,1461,0.7204634802400166,0.6857024622387751,0.03476101800124146,6
288,33015adcb2ffb64750112bdaebeb26d8_summary_fr.txt,.txt,225,59,0.8088888888888889,0.8088888888888889,0.0,0
289,4471cdff28bc6ce1e3c5a9d8ee20d9a8_summary_en.txt,.txt,401,74,0.8329177057356608,0.8329177057356608,0.0,0
290,b9929868d57c488b8d50e8cf4e0c97c4_summary_fr.txt,.txt,150,39,0.8066666666666666,0.8066666666666666,0.0,0
291,fed8a1bfce8f2a3b7a261ea0110787a6.pdf,.pdf,293721,86197,0.7980668729849074,0.7917751880185618,0.006291684966345613,0
292,40403184c17d42aaa75b584041e604a7.pdf,.pdf,12903,3172,0.7892738122917151,0.7711384949236612,0.01813531736805394,40
293,8c0bb47c6baa135bc5fedf4ad94116e7.pdf,.pdf,6519,1885,0.7734315078999846,0.7413713759779107,0.03206013192207394,20
294,9e1a46edba0e6d5abed0462ec1e0a19d_summary_fr.txt,.txt,394,84,0.8451776649746193,0.8451776649746193,0.0,0
295,ddf93d3260dc0a4cee68b612a8a3ad02_summary_en.txt,.txt,207,39,0.8309178743961353,0.8309178743961353,0.0,0
296,6525902dc9c3bb971525a1a7786ea721.pdf,.pdf,3696,1095,0.7505411255411255,0.7050865800865801,0.045454545454545456,11
297,87e5c207bbf7db2c54702ed43caed409_summary_en.txt,.txt,549,108,0.819672131147541,0.819672131147541,0.0,0
298,073b491d6970ff3b5a02c2a19465e8a8_summary_en.txt,.txt,195,39,0.8153846153846154,0.8153846153846154,0.0,0
299,fe05be2c0c1a464ab754d6489af3fc16_summary_en.txt,.txt,496,87,0.8205645161290323,0.8205645161290323,0.0,0
300,d6f390b9f0d2da07d47b90e0a2c25aab.pdf,.pdf,5220,1233,0.7653256704980843,0.753639846743295,0.011685823754789272,0
301,e9024da5c714b7668f13aeb6b27873f9.pdf,.pdf,4084,1619,0.7563663075416258,0.6961312438785504,0.06023506366307542,0
302,2f40b8188debf60ce7267b26dd005d11.pdf,.pdf,1578,521,0.7091254752851711,0.6679340937896071,0.041191381495564006,4
303,062ad0651fd3291653785be61c28314e.pdf,.pdf,3520,1016,0.7426136363636363,0.7301136363636364,0.0125,0
304,21bd8d0f42fd5c802cb3d19c907623c9.pdf,.pdf,1956,559,0.7494887525562373,0.7428425357873211,0.0066462167689161555,0
305,5747214eb6b7884dc134bc10e8c98c72.pdf,.pdf,9273,2222,0.7814083899493152,0.7625363959883533,0.01887199396096193,8
306,22d0ee93c127df7a7543aa782f3bbd2a.pdf,.pdf,13523,3175,0.7981217185535754,0.7764549286400947,0.021666789913480738,49
307,baa4dd24ecfc3fd95b3bd6939968ba6a_summary_fr.txt,.txt,203,44,0.8374384236453202,0.8374384236453202,0.0,0
308,c1feac5448601b891e68757083811224_summary_en.txt,.txt,169,31,0.8520710059171598,0.8520710059171598,0.0,0
309,084f0339cc962328c84555f1ab9160e9.pdf,.pdf,346,114,0.6502890173410405,0.6184971098265896,0.031791907514450865,0
310,61e791c0faa3c43be9bd52f985a4e16e.pdf,.pdf,6543,1582,0.7884762341433593,0.7683020021396912,0.020174232003668042,9
311,837ffe5759b8898b2cbbdd1e577773b8_summary_fr.txt,.txt,512,112,0.810546875,0.810546875,0.0,0
312,c4a2e68af3243bee3d6592672215ff74.pdf,.pdf,19426,5071,0.7872953773293524,0.7579017811180891,0.029393596211263254,21
313,0aa7b08975e773a11082d5a41fa70766.pdf,.pdf,15823,4500,0.7664159767427163,0.7452442646780004,0.02117171206471592,13
314,c22582508024a02e51d627fc14023bf8_summary_en.txt,.txt,508,90,0.8366141732283464,0.8366141732283464,0.0,0
315,f082d261856ab4f740974ca25b6a4fda_summary_en.txt,.txt,251,48,0.8286852589641435,0.8286852589641435,0.0,0
316,b5cd04c2811f540025c51a92d9f88b97_summary_en.txt,.txt,239,40,0.8493723849372385,0.8493723849372385,0.0,0
317,61e791c0faa3c43be9bd52f985a4e16e_summary_en.txt,.txt,127,23,0.8582677165354331,0.8582677165354331,0.0,0
318,dc8c5e78d11d9969ffa55cbe189dcbac.pdf,.pdf,10274,2653,0.7735059373175005,0.7494646680942184,0.02404126922328207,19
319,ca165f0a6d8c1d59580bf59e08243e23_summary_fr.txt,.txt,625,142,0.8176,0.8176,0.0,0
320,579ccda4aee7f538030695571e3fa80b.pdf,.pdf,7128,1996,0.7776374859708193,0.7585578002244668,0.019079685746352413,10
321,33015adcb2ffb64750112bdaebeb26d8.pdf,.pdf,17092,5096,0.7625204774163351,0.7416335127545051,0.020886964661830095,12
322,c4e23648787432ea45361046498d3c5b_summary_fr.txt,.txt,303,67,0.8184818481848185,0.8184818481848185,0.0,0
323,74ea216c2665953e5174cf1fd01229e6_summary_en.txt,.txt,449,89,0.844097995545657,0.844097995545657,0.0,0
324,2285c9cb19fd191b424845ff7b1eb9df_summary_fr.txt,.txt,306,68,0.8235294117647058,0.8202614379084967,0.0032679738562091504,0
325,42f2cc2ffab0e35fd3d99b52e92cd72c_summary_fr.txt,.txt,445,101,0.8044943820224719,0.8044943820224719,0.0,0
326,63eb550c063fe80f29000c125e9bfb88.pdf,.pdf,36027,9795,0.7774724512171427,0.7429427929053211,0.03452965831182169,36
327,c270a93a04ad13d936c05ef5e25d482c_summary_fr.txt,.txt,425,87,0.8494117647058823,0.8494117647058823,0.0,0
328,fa939069fc6721defccc3152a86bcd69_summary_en.txt,.txt,250,40,0.852,0.852,0.0,0
329,744ec981d5d0f304d715be47f360de0a_summary_fr.txt,.txt,234,47,0.8290598290598291,0.8290598290598291,0.0,0
330,9caf2e1be07757f8fa04131e217dd6ed_summary_fr.txt,.txt,169,37,0.8284023668639053,0.8284023668639053,0.0,0
331,84dc230ab86d4bbf0714cad1158e1b74_summary_fr.txt,.txt,190,45,0.8315789473684211,0.8315789473684211,0.0,0
332,2b8d809694effac8cf2516dd44746671.pdf,.pdf,27654,6974,0.7888551384971433,0.7699790265422723,0.018876111954870906,49
333,f155e6205f21326e4ad2241221e25397_summary_fr.txt,.txt,577,127,0.8318890814558059,0.8318890814558059,0.0,0
334,3b50b2a0c077cf4464d9f03ef7a78d1d.pdf,.pdf,15842,4242,0.7648024239363717,0.7463072844337836,0.01849513950258806,11
335,cbbbf106fda2d74cb5d2d49e78e195f4_summary_fr.txt,.txt,598,112,0.8411371237458194,0.8411371237458194,0.0,0
336,5eefcf21ec064519d08af920e277810f_summary_en.txt,.txt,503,108,0.827037773359841,0.8131212723658051,0.013916500994035786,0
337,8b85701a4da5515544e064a65417bce2.pdf,.pdf,18821,5406,0.7680782105095372,0.7350300196588917,0.03304819085064555,30
338,f3bf24e4aca755a7657b0cb100d3b67e.pdf,.pdf,3956,1044,0.7641557128412538,0.7408998988877654,0.023255813953488372,6
339,5747214eb6b7884dc134bc10e8c98c72_summary_en.txt,.txt,401,69,0.8329177057356608,0.8329177057356608,0.0,0
340,46a313db6279d7bba0e1413f197d59fa_summary_en.txt,.txt,235,41,0.8382978723404255,0.8382978723404255,0.0,0
341,3dde7900d2eda287c1e64302a61c78d3.pdf,.pdf,22422,6701,0.7739273927392739,0.7386495406297386,0.035277852109535275,46
342,48a31e58f0727f64657a53498cdef23a.pdf,.pdf,1703,540,0.7263652378156195,0.722254844392249,0.004110393423370522,0
343,5f34b6813d5938c67a11dc17bc752fd2_summary_fr.txt,.txt,228,47,0.8289473684210527,0.8289473684210527,0.0,0
344,8b2284786d3e10a750491bbcfd910462.pdf,.pdf,23487,6536,0.7847745561374377,0.7611870396389492,0.023587516498488524,27
345,034b70f000321618d8a30c8b8a1144c1.pdf,.pdf,14167,3586,0.7649467071363026,0.739112020893626,0.025834686242676642,20
346,b1b14e480f9d477cfa37686dd6a67a46.pdf,.pdf,27252,8279,0.766329076765008,0.7232863643035373,0.04304271246147072,34
347,fe839e21967856d7a98c6481c17e033d_summary_fr.txt,.txt,388,85,0.8170103092783505,0.8170103092783505,0.0,0
348,150dfc12f35b5b33405d08417c03fca3_summary_fr.txt,.txt,801,180,0.8177278401997503,0.8177278401997503,0.0,0
349,501d7e2867b4aafadba5933fef12e8fe.pdf,.pdf,23406,6441,0.7735623344441597,0.7553191489361702,0.018243185507989406,24
350,4422d72dc385850c30699c534368b41b.pdf,.pdf,4086,1088,0.7809593734703867,0.7520802741067059,0.02887909936368086,3
351,d0dea083c16c87d513bad252a86ad56d.pdf,.pdf,4929,1492,0.7630350983972408,0.736457699330493,0.02657739906674782,9
352,9cc79b84d157d6e49d92bbff3b321e11.pdf,.pdf,5994,1651,0.7562562562562563,0.7372372372372372,0.01901901901901902,0
353,9e4bbd718149c24108d270d25b52053f.pdf,.pdf,3045,751,0.7776683087027915,0.7589490968801313,0.0187192118226601,5
354,54f45b20e8255ee8c37a3ddfb2040cbc.pdf,.pdf,17883,4545,0.7867807414863278,0.7840966280825364,0.00268411340379131,0
355,58c4299457f09a2626cad1cd66c98b89.pdf,.pdf,13798,3795,0.7825047108276562,0.7637338744745615,0.01877083635309465,20
356,dc8c5e78d11d9969ffa55cbe189dcbac_summary_en.txt,.txt,269,45,0.8550185873605948,0.8550185873605948,0.0,0
357,c22582508024a02e51d627fc14023bf8.pdf,.pdf,28402,7466,0.7958946553059644,0.7844870079571861,0.011407647348778254,24
358,f155e6205f21326e4ad2241221e25397.pdf,.pdf,58941,18053,0.7676829371744626,0.7318165623250369,0.035866374849425696,86
359,dd178693341cf7a81e2b400fdd3c20df.pdf,.pdf,3903,1227,0.7353317960543172,0.6887009992313605,0.0466307968229567,8
360,0c54806139f0628a3c1172ca6b6aad75.pdf,.pdf,1546,463,0.7128072445019404,0.666882276843467,0.04592496765847348,4
361,68d28d2067a880d89facfe58a467e51f_summary_fr.txt,.txt,143,29,0.8531468531468531,0.8531468531468531,0.0,0
362,40403184c17d42aaa75b584041e604a7_summary_en.txt,.txt,747,176,0.7911646586345381,0.7751004016064257,0.01606425702811245,7
363,1bd85e44a13d20fd38282f1f1c4832c8_summary_en.txt,.txt,356,84,0.8286516853932584,0.8033707865168539,0.025280898876404494,0
364,8c7655e03fef9d046e504dd052c328b0_summary_fr.txt,.txt,303,65,0.8283828382838284,0.8283828382838284,0.0,0
365,2ba96f4f0e728e0baf4231476d36f766.pdf,.pdf,1934,598,0.7383660806618407,0.7285418821096173,0.00982419855222337,0
366,8e6d55a06156ff2bb822304fa311439f.pdf,.pdf,7847,2050,0.7847585064355804,0.7550656301771378,0.02969287625844272,15
367,498794ad93be2a7dbd042858175d54fc.pdf,.pdf,14239,3817,0.7841842826041154,0.7705597303181403,0.01362455228597514,14
368,bceb5782c051858b5cded85b1fb40740.pdf,.pdf,7386,2055,0.784727863525589,0.7632006498781478,0.021527213647441104,8
369,57a4f2800a7a255621419b3230964d99.pdf,.pdf,6224,1793,0.7678341902313625,0.7461439588688946,0.021690231362467866,6
370,3b66dd749a5ee2b13782504fb4867622.pdf,.pdf,5888,1479,0.7753057065217391,0.7523777173913043,0.022927989130434784,11
371,fe05be2c0c1a464ab754d6489af3fc16.pdf,.pdf,13749,3226,0.7909666157538731,0.7729289402865663,0.018037675467306714,16
372,53d04f32e0163590885f609000064f41_summary_fr.txt,.txt,701,170,0.8202567760342369,0.7945791726105563,0.025677603423680456,0
373,47cc1e1f3fae3bc294d34f19d79cf60f_summary_en.txt,.txt,194,40,0.8298969072164949,0.8298969072164949,0.0,0
374,1bd85e44a13d20fd38282f1f1c4832c8.pdf,.pdf,16371,4781,0.7740516767454645,0.7393561786085151,0.034695498136949485,24
375,33f4883d8d8c56a98d3ae27c80f7e1be.pdf,.pdf,7406,1984,0.7823386443424251,0.7658655144477451,0.01647312989467999,6
376,32ee72a6c48ad119a8748e1b975e8492.pdf,.pdf,2990,819,0.7588628762541806,0.7401337792642141,0.018729096989966554,0
377,cce72c6f171055b2a36453bc12b9dbf5_summary_fr.txt,.txt,265,75,0.8075471698113208,0.7660377358490567,0.04150943396226415,0
378,f47936135555022b62cfa95779f1876e_summary_fr.txt,.txt,712,191,0.7991573033707865,0.7752808988764045,0.023876404494382022,0
379,6f5b71f2f110f5b0af01214e152bd6a3_summary_fr.txt,.txt,649,226,0.7842835130970724,0.7026194144838213,0.08166409861325115,0
380,7869c646301fe82b50fc79cf0c1268c6.pdf,.pdf,8930,2580,0.7781634938409855,0.7531914893617021,0.024972004479283313,11
381,0220a989c702fc75aa9554114aa01587_summary_fr.txt,.txt,594,147,0.8148148148148148,0.8080808080808081,0.006734006734006734,0
382,0322324c1ad657966d07dad39c19d5bb_summary_fr.txt,.txt,327,69,0.8287461773700305,0.8287461773700305,0.0,0
383,9a4f27b1a8f825fdbc1ae699a9f53ce9_summary_en.txt,.txt,414,80,0.8285024154589372,0.8285024154589372,0.0,0
384,cbbbf106fda2d74cb5d2d49e78e195f4.pdf,.pdf,37921,10181,0.786688114764906,0.7639039054877245,0.02278420927718151,100
385,3c71ec5b01016d3efaa93b0253835661_summary_en.txt,.txt,263,52,0.8365019011406845,0.8365019011406845,0.0,0
386,9fad6115c3efe2492fdbfc07a917355c_summary_en.txt,.txt,342,56,0.8567251461988304,0.8567251461988304,0.0,0
387,cb20d0882d1f7ba73c960984ed31e553_summary_fr.txt,.txt,624,153,0.8125,0.7948717948717948,0.017628205128205128,0
388,07498eff67d6c1d7972e571eca238a9f.pdf,.pdf,27939,8276,0.7752245964422492,0.7390744121121013,0.03615018433014782,64
389,c1feac5448601b891e68757083811224.pdf,.pdf,7950,2274,0.7920754716981132,0.7720754716981132,0.02,10
390,f4a7ff2c466384af253f208432afafc7.pdf,.pdf,7028,1881,0.7672168468981218,0.7423164484917473,0.0249003984063745,20
391,18bbf2b57db57892e15c8cebc4dcb3eb_summary_fr.txt,.txt,577,136,0.8093587521663779,0.7989601386481803,0.010398613518197574,0
392,a6c8ae27fa043b0ca5d291d8fef61b45.pdf,.pdf,12647,3128,0.7829524788487389,0.7673756622123824,0.015576816636356449,16
393,811ea219f422780d4365a5eea26e6bd1_summary_fr.txt,.txt,315,65,0.834920634920635,0.834920634920635,0.0,0
394,202e511a607f6c9539f8d6b46b6baceb_summary_en.txt,.txt,123,27,0.8211382113821138,0.8211382113821138,0.0,0
395,cb215e6b1eaf4b60c0a76818497a00f2.pdf,.pdf,5735,1374,0.7907585004359198,0.7717523975588492,0.019006102877070618,8
396,9cc79b84d157d6e49d92bbff3b321e11_summary_fr.txt,.txt,471,112,0.7983014861995754,0.7983014861995754,0.0,0
397,02baa579b2e39ae8691ba31103e6986e.pdf,.pdf,2964,742,0.7722672064777328,0.7577597840755735,0.014507422402159244,0
398,58cd439e402fe7a2a1ede899008cc7e0.pdf,.pdf,10886,3260,0.7848612897299283,0.7479331251148263,0.03692816461510197,10
399,a981ecad2fe161b2be249a3185b6a67a_summary_en.txt,.txt,566,98,0.8374558303886925,0.8374558303886925,0.0,0
400,fce6c8b488b7e32f29e6904bd1970aa6.pdf,.pdf,7413,1887,0.7663564009173074,0.7546202617024147,0.011736139214892756,0
401,55a742c66d5e6e7f49f7ab76d279dd76.pdf,.pdf,83872,23562,0.7367178557802365,0.711465089660435,0.025252766119801602,5
402,b9f12b18797f8bb68c0e4d2a05ad9d92_summary_fr.txt,.txt,525,121,0.8152380952380952,0.8152380952380952,0.0,0
403,a68fc4fbeaf6f38240722db4a7c5a3aa_summary_fr.txt,.txt,299,65,0.8394648829431438,0.8394648829431438,0.0,0
404,a981ecad2fe161b2be249a3185b6a67a.pdf,.pdf,20328,5327,0.7827134986225895,0.7530499803227076,0.029663518299881935,67
405,628ff566f373f4a668cc11f44ba7b9f8_summary_fr.txt,.txt,183,36,0.8306010928961749,0.8306010928961749,0.0,0
406,3b50b2a0c077cf4464d9f03ef7a78d1d_summary_fr.txt,.txt,342,97,0.7982456140350878,0.7631578947368421,0.03508771929824561,0
407,766b074dbe96c408b7b2a7c0510365e8.pdf,.pdf,24562,6367,0.7867437505089162,0.7600358277013273,0.02670792280758896,30
408,4d0c6ce0e75cb9982462d59f9c822e47_summary_en.txt,.txt,299,48,0.8461538461538461,0.8461538461538461,0.0,0
409,32ee72a6c48ad119a8748e1b975e8492_summary_fr.txt,.txt,319,74,0.8119122257053292,0.8119122257053292,0.0,0
410,27672815e206ca2d048d81dbb862dfc2_summary_fr.txt,.txt,368,76,0.8233695652173914,0.8233695652173914,0.0,0
411,50d8d3342d6b5b437cdb697d0c2625f2.pdf,.pdf,9328,2397,0.7757289879931389,0.7583619210977701,0.017367066895368783,17
412,058b3d57777afcde21a68d08080df6ee.pdf,.pdf,9040,2511,0.7863938053097345,0.760287610619469,0.026106194690265486,7
413,77957f6fa8d931bef7d36f403136bbd9.pdf,.pdf,12419,3119,0.7877445849102183,0.7652790079716564,0.022465576938561882,20
414,6791a5e98cada2028f7189c41dced507_summary_en.txt,.txt,225,39,0.8488888888888889,0.8488888888888889,0.0,0
415,8acad23929afe9deb75c76e278d0830c.pdf,.pdf,36703,10899,0.7811350570798027,0.751437212216985,0.029697844862817752,28
416,673318e364c8d2789b37b789fb423e46_summary_en.txt,.txt,437,74,0.8398169336384439,0.8398169336384439,0.0,0
417,717e10a8c39129e60daf0d55cc3784fe_summary_en.txt,.txt,453,95,0.8079470198675497,0.8079470198675497,0.0,0
418,64a4abe44cbd8c8b1286fe6c5299bbfa_summary_fr.txt,.txt,505,105,0.8455445544554455,0.8455445544554455,0.0,0
419,7ccb7c67381570a4897fd38bab1ecf8d.pdf,.pdf,12014,3035,0.7963209588813052,0.7830863992009323,0.013234559680372899,0
420,428c3e1ce3d57405b6b16c1391d82913_summary_en.txt,.txt,124,25,0.8306451612903226,0.8306451612903226,0.0,0
421,e2c22a34085297124a085ddcda8418aa.pdf,.pdf,27480,7507,0.7784206695778748,0.757787481804949,0.020633187772925766,23
422,63adb2bf45df271de366ee3b0cb1de6f.pdf,.pdf,8025,2086,0.7708411214953271,0.7527725856697819,0.01806853582554517,5
423,c9f1470cfd37c959196faa490f6c092e.pdf,.pdf,60019,15749,0.7030606974458088,0.6807844182675487,0.02227627917826022,96
424,d51f8914dd2cd3226fd3888b29fc50f8.pdf,.pdf,13612,3491,0.7939318248604172,0.7830590655304144,0.010872759330002939,36
425,628ff566f373f4a668cc11f44ba7b9f8.pdf,.pdf,12281,3262,0.7931764514290367,0.7772168390196238,0.015959612409412915,10
426,a4e063ed46c74dd830020f5246edd614_summary_fr.txt,.txt,329,68,0.8297872340425532,0.8297872340425532,0.0,0
427,5eb31a81cf4a1012ad675bb8676afd92.pdf,.pdf,5184,1522,0.7764274691358025,0.7581018518518519,0.01832561728395062,3
428,b116844b5957cd739ab45db8b896df6c_summary_en.txt,.txt,247,37,0.8623481781376519,0.8623481781376519,0.0,0
429,3c71ec5b01016d3efaa93b0253835661.pdf,.pdf,5122,1220,0.7688402967590785,0.7524404529480672,0.016399843811011325,8
430,949a997c1390eda20fff4e894a51cd7a_summary_en.txt,.txt,456,86,0.831140350877193,0.831140350877193,0.0,0
431,f3ea0f33d70fae83b5b7e56f5505faa8.pdf,.pdf,5708,1382,0.7661177295024527,0.74614576033637,0.019971969166082692,0
432,69da421ce803a8b4ea58ca122f1ed3cf_summary_en.txt,.txt,384,64,0.8515625,0.8515625,0.0,0
433,4dc72ff6d59108ccf63333589febe56e_summary_fr.txt,.txt,174,35,0.8390804597701149,0.8390804597701149,0.0,0
434,8b2284786d3e10a750491bbcfd910462_summary_fr.txt,.txt,503,112,0.8330019880715706,0.8330019880715706,0.0,0
435,843c4dbeb0d3145b5f45c29d6a889db6.pdf,.pdf,33867,9304,0.7885257034871704,0.7675908701686007,0.0209348333185697,32
436,ab2f74215aed2cf1b9a1f47ce8ecdb67_summary_en.txt,.txt,289,59,0.8235294117647058,0.8235294117647058,0.0,0
437,6eb77cd9f02e61c68fa3f88e901c42a2_summary_fr.txt,.txt,161,35,0.8260869565217391,0.8260869565217391,0.0,0
438,0118a9090dee3aa27b30d3f0fb62ef8f_summary_fr.txt,.txt,411,92,0.8126520681265207,0.8126520681265207,0.0,0
439,bceb5782c051858b5cded85b1fb40740_summary_fr.txt,.txt,465,97,0.8365591397849462,0.8365591397849462,0.0,0
440,33a0c130cba037b27f392fb7ca64d9d7_summary_fr.txt,.txt,510,98,0.8313725490196079,0.8313725490196079,0.0,0
441,9d845d86d85b67529ae6d9327e504182_summary_en.txt,.txt,192,32,0.8489583333333334,0.8489583333333334,0.0,0
442,6eb77cd9f02e61c68fa3f88e901c42a2.pdf,.pdf,6815,1912,0.7690388848129127,0.7580337490829053,0.011005135730007337,10
443,60fad2db6381682fcfc603b58c65c81e_summary_en.txt,.txt,765,200,0.8104575163398693,0.7816993464052288,0.02875816993464052,0
444,28f2fe5aaf959ea86322064719a8221c.pdf,.pdf,43081,11307,0.7868433880364895,0.7815278196884937,0.005315568347995636,0
445,f3ea76194a0f85b037d09ca50a322b24_summary_fr.txt,.txt,387,85,0.8087855297157622,0.8087855297157622,0.0,0
446,408f80ed496699c6c485a49c91835d3c_summary_fr.txt,.txt,199,33,0.8542713567839196,0.8542713567839196,0.0,0
447,69548b6abab1b44ebc1d4ffd305d357b.pdf,.pdf,23985,5750,0.792995622263915,0.7769439232853868,0.016051698978528248,30
448,b9929868d57c488b8d50e8cf4e0c97c4_summary_en.txt,.txt,119,30,0.8067226890756303,0.8067226890756303,0.0,0
449,b116844b5957cd739ab45db8b896df6c.pdf,.pdf,8649,2819,0.7404324199329402,0.7059775696612325,0.034454850271707714,7
450,202e511a607f6c9539f8d6b46b6baceb.pdf,.pdf,6179,1552,0.7753681825538113,0.7549765334196472,0.020391649134164105,11
451,27672815e206ca2d048d81dbb862dfc2.pdf,.pdf,42225,11529,0.7835879218472469,0.7573475429248075,0.026240378922439314,25
452,ee1b8a7c180d631f6b34a6fb6ca7f2af_summary_en.txt,.txt,259,44,0.8455598455598455,0.8455598455598455,0.0,0
453,d6f390b9f0d2da07d47b90e0a2c25aab_summary_en.txt,.txt,707,165,0.826025459688826,0.8005657708628006,0.02545968882602546,0
454,f327a4c3d837a2d94e7dbec4e4c12a31_summary_en.txt,.txt,334,59,0.8383233532934131,0.8383233532934131,0.0,0
455,b6bd1df0d361af11f59b83c8f0343894.pdf,.pdf,826,313,0.6271186440677966,0.5556900726392252,0.07142857142857142,3
456,be94d80a0dd8b146d92fc7a2decf6db9_summary_fr.txt,.txt,502,97,0.8346613545816733,0.8346613545816733,0.0,0
457,bceb5782c051858b5cded85b1fb40740_summary_en.txt,.txt,444,88,0.8400900900900901,0.8400900900900901,0.0,0
458,e49def72dfd4e311b9c1ca3f180ab356_summary_fr.txt,.txt,317,73,0.8201892744479495,0.8170347003154574,0.0031545741324921135,0
459,e9024da5c714b7668f13aeb6b27873f9_summary_en.txt,.txt,121,30,0.8099173553719008,0.8099173553719008,0.0,0
460,7f7bbcd9798b735f9c6deb2429708fd4.pdf,.pdf,1794,627,0.7079152731326644,0.697324414715719,0.010590858416945374,0
461,3dde7900d2eda287c1e64302a61c78d3_summary_fr.txt,.txt,350,89,0.8057142857142857,0.8,0.005714285714285714,0
462,68d28d2067a880d89facfe58a467e51f.pdf,.pdf,78771,25155,0.7680872402280027,0.7179418821647561,0.050145358063246624,144
463,c22582508024a02e51d627fc14023bf8_summary_fr.txt,.txt,540,106,0.837037037037037,0.8351851851851851,0.001851851851851852,0
464,d12753e5e357d47b237d79054c96644e.pdf,.pdf,336,120,0.6428571428571429,0.6101190476190477,0.03273809523809524,0
465,60fad2db6381682fcfc603b58c65c81e.pdf,.pdf,23114,5548,0.7928095526520723,0.7703556286233452,0.022453924028727177,26
466,d0dea083c16c87d513bad252a86ad56d_summary_fr.txt,.txt,254,55,0.8228346456692913,0.8228346456692913,0.0,0
467,6791a5e98cada2028f7189c41dced507.pdf,.pdf,6083,1599,0.7705079730396186,0.7484793687325333,0.02202860430708532,8
468,3528153b2d9928fcd27680cbf4c4a72b_summary_fr.txt,.txt,209,46,0.8181818181818182,0.8181818181818182,0.0,0
469,8acad23929afe9deb75c76e278d0830c_summary_fr.txt,.txt,404,87,0.8391089108910891,0.8391089108910891,0.0,0
470,3bbe7877e0bdafebf848b6a0ba0aacab_summary_en.txt,.txt,145,27,0.8482758620689655,0.8482758620689655,0.0,0
471,ab78fcf1c8d6b6a7f2361bf27d8a25e8.pdf,.pdf,8312,1993,0.789701636188643,0.7740615976900866,0.015640038498556306,11
472,fe839e21967856d7a98c6481c17e033d.pdf,.pdf,15651,4235,0.7850616574020829,0.7633378058909974,0.021723851511085555,17
473,63adb2bf45df271de366ee3b0cb1de6f_summary_en.txt,.txt,129,27,0.8062015503875969,0.8062015503875969,0.0,0
474,b71124c132cc3433002c5d623884a5b8.pdf,.pdf,11230,3048,0.7677649154051648,0.7378450578806768,0.02991985752448798,9
475,ab8bde56e0d887219dddbf9a8a0b0496_summary_en.txt,.txt,178,35,0.848314606741573,0.848314606741573,0.0,0
476,1c37ce3d8aef4359254e24f1f7990cbf_summary_fr.txt,.txt,138,35,0.8260869565217391,0.8260869565217391,0.0,0
477,04e70341c4b9aadeae1adbfc35b032b3_summary_en.txt,.txt,290,52,0.8448275862068966,0.8448275862068966,0.0,0
478,f267d32ad783313b476f29fb5cb5f0d9_summary_fr.txt,.txt,436,92,0.8394495412844036,0.8394495412844036,0.0,0
479,3fb091edf0ab939eec5e1ea848ff2428.pdf,.pdf,26709,7125,0.7872627204313153,0.7726983413830544,0.014564379048260885,26
480,2deecce524641c953c07d3274fc7b4a3.pdf,.pdf,7812,2037,0.7763696876600102,0.7506400409626216,0.02572964669738863,14
481,18bbf2b57db57892e15c8cebc4dcb3eb_summary_en.txt,.txt,632,140,0.805379746835443,0.7958860759493671,0.00949367088607595,0
482,baa4dd24ecfc3fd95b3bd6939968ba6a.pdf,.pdf,6456,1821,0.7721499380421314,0.7543370508054523,0.017812887236679058,6
483,69da421ce803a8b4ea58ca122f1ed3cf.pdf,.pdf,5868,1454,0.7922631220177232,0.770109066121336,0.022154055896387186,9
484,fc7c6d9f06951be96f7f81df26259a37.pdf,.pdf,8417,2078,0.7952952358322443,0.7707021504098848,0.02459308542235951,12
485,37ed9b6ea52145b9b2ec782ebce4ba0b_summary_en.txt,.txt,559,161,0.8050089445438283,0.7477638640429338,0.057245080500894455,0
486,81e16deb90f830b85715ab0167b9013c.pdf,.pdf,2305,577,0.7774403470715835,0.7661605206073753,0.011279826464208243,0
487,5f909c5f962b5e6f610527d2469d8dfb_summary_fr.txt,.txt,81,24,0.8395061728395061,0.7407407407407407,0.09876543209876543,0
488,25f2e2dafb0ad82e382de5903faf3581_summary_fr.txt,.txt,426,105,0.8098591549295775,0.8075117370892019,0.002347417840375587,0
489,d9237734b4b614ad04156af6f88135bd.pdf,.pdf,2401,605,0.7763431903373594,0.7646813827571846,0.011661807580174927,0
490,18bbf2b57db57892e15c8cebc4dcb3eb.pdf,.pdf,1255982,341610,0.7727316155804781,0.7500266723567695,0.02270494322370862,25
491,6e06dffe27d2319a0f5c773813e42c4a_summary_fr.txt,.txt,689,153,0.8156748911465893,0.8156748911465893,0.0,0
492,199451137241dc71dc065e28b0c1c4d5.pdf,.pdf,2160,761,0.6726851851851852,0.6680555555555555,0.004629629629629629,0
493,f3ea76194a0f85b037d09ca50a322b24.pdf,.pdf,9999,2887,0.7666766676667667,0.7479747974797479,0.0187018701870187,12
494,37ed9b6ea52145b9b2ec782ebce4ba0b_summary_fr.txt,.txt,550,161,0.8072727272727273,0.7490909090909091,0.05818181818181818,0
495,95b03568e9d2d2db47987d10073e24c3.pdf,.pdf,989,385,0.6511627906976745,0.6177957532861477,0.033367037411526794,0
496,d8d4bd95c30f092fd5d23b969b4558d1.pdf,.pdf,9043,2391,0.7705407497511888,0.7422315603229017,0.028309189428287074,20
497,fa6f6cb4bf47763d0afdc0993caf3d3a.pdf,.pdf,18618,4780,0.7980449027822537,0.7845096143517026,0.01353528843055108,16
498,3976ecec7bf1095443bc5fb7a9493f38.pdf,.pdf,105441,29831,0.6781707305507345,0.6493204730607638,0.028850257489970693,178
499,8a0f116d39e6c1d5bc3afb6fdf82ffb9.pdf,.pdf,12057,2989,0.778800696690719,0.7569876420336734,0.0218130546570457,12
500,9e4bbd718149c24108d270d25b52053f_summary_en.txt,.txt,187,32,0.8449197860962567,0.8449197860962567,0.0,0
501,073b491d6970ff3b5a02c2a19465e8a8.pdf,.pdf,15663,4002,0.7857370874034348,0.7582838536678798,0.02745323373555513,35
502,7a2993c943fc2368597f5aa408de8193.pdf,.pdf,22020,6287,0.7799727520435967,0.7567211625794732,0.023251589464123524,16
503,3175a1ba5282c901b5e60ea7387de70b.pdf,.pdf,1792,452,0.73828125,0.7338169642857143,0.004464285714285714,0
504,b2c9fa6aa01ebbfa7735fdeb28507efe.pdf,.pdf,4347,1178,0.796181274442144,0.7807683459857373,0.015412928456406717,0
505,149a7fa22be4400ca1b63235d78346da.pdf,.pdf,5804,1592,0.7722260509993109,0.744486560992419,0.027739490006891798,17
506,579ccda4aee7f538030695571e3fa80b_summary_fr.txt,.txt,158,35,0.8291139240506329,0.8291139240506329,0.0,0
507,bb34db4c0a5a40a8657df8e5181852f7.pdf,.pdf,3007,863,0.7519122048553375,0.7216494845360825,0.03026272031925507,5
508,f267d32ad783313b476f29fb5cb5f0d9.pdf,.pdf,3161,965,0.7532426447326795,0.7241379310344828,0.029104713698196772,5
509,58c4299457f09a2626cad1cd66c98b89_summary_fr.txt,.txt,862,184,0.814385150812065,0.814385150812065,0.0,0
510,d8d4bd95c30f092fd5d23b969b4558d1_summary_en.txt,.txt,111,20,0.8558558558558559,0.8558558558558559,0.0,0
511,c270a93a04ad13d936c05ef5e25d482c.pdf,.pdf,14822,4642,0.7708136553771421,0.721360140331939,0.049453515045203074,34
512,79e7687d661ac8af5d580db419c669cf_summary_en.txt,.txt,417,71,0.8465227817745803,0.8465227817745803,0.0,0
513,2b9a69ac5eeadc0c455b5bda280f2b42.pdf,.pdf,15705,4998,0.7154409423750397,0.690417064629099,0.025023877745940785,1
514,04e23a4e945161521bb4d11099cdcba7_summary_fr.txt,.txt,226,57,0.8230088495575221,0.8230088495575221,0.0,0
515,6aa9abfe5879f0fbfc0dbf0731370efe.pdf,.pdf,7174,1792,0.7892389183161416,0.766517981600223,0.022720936715918596,13
516,dd6fab4c740836f2085b57ac5097bbf9.pdf,.pdf,11545,2535,0.8048505846686878,0.7932438284971849,0.011606756171502815,14
517,cc5892c4733132d53bdd76e1c33aed12.pdf,.pdf,27325,9056,0.7669899359560842,0.7216468435498627,0.04534309240622141,26
518,6be17d64d7520bb41e90dbe3ed92a973_summary_fr.txt,.txt,650,156,0.7923076923076923,0.7876923076923077,0.004615384615384616,0
519,84dc230ab86d4bbf0714cad1158e1b74.pdf,.pdf,17855,5181,0.7788854662559507,0.756818818258191,0.02206664799775973,26
520,ff51f9376a472427cd101274e5469d68_summary_fr.txt,.txt,239,56,0.8200836820083682,0.8200836820083682,0.0,0
521,a4fedd948481a28b3b68a824032e38e4_summary_en.txt,.txt,828,140,0.8405797101449275,0.8405797101449275,0.0,0
522,2e886cc981460ba41007b9f8343fc9c7.pdf,.pdf,22194,7489,0.7594845453726232,0.6945570875011264,0.0649274578714968,36
523,c202e9d12c7fc3bfca2950e2f0c1d91b_summary_en.txt,.txt,180,29,0.8555555555555555,0.8555555555555555,0.0,0
524,f3bf24e4aca755a7657b0cb100d3b67e_summary_en.txt,.txt,384,63,0.8489583333333334,0.8489583333333334,0.0,0
525,d0e1ed635c7b21b7aa4bd71e59dfd107.pdf,.pdf,17041,4169,0.7824071357314711,0.7633941670089783,0.01901296872249281,12
526,bbf8b955aae90a81cdd9e6cff291ecd2.pdf,.pdf,10606,2884,0.7906845181972468,0.7721101263435791,0.018574391853667736,8
527,ae57d801a81d3561912f1abff6e4f52e_summary_fr.txt,.txt,663,156,0.8159879336349924,0.7978883861236803,0.01809954751131222,0
528,8c5d2c37b1ab6c85bf83e17dc8688299_summary_fr.txt,.txt,267,74,0.8014981273408239,0.7715355805243446,0.0299625468164794,0
529,6c86a1969050caeb5680eac8d45f8d69_summary_en.txt,.txt,263,49,0.8288973384030418,0.8288973384030418,0.0,0
530,eda9a30d749f908683df10513ec073e3.pdf,.pdf,18051,4660,0.794692814802504,0.7811201595479474,0.013572655254556535,14
531,8c7655e03fef9d046e504dd052c328b0.pdf,.pdf,2938,828,0.7385976855003403,0.7113682777399591,0.02722940776038121,10
532,19452b43d0a0f135fa9ee3df023a8cec_summary_fr.txt,.txt,329,70,0.8297872340425532,0.8297872340425532,0.0,0
533,9a7de93634097cfb667f8ba5df4c48ed_summary_en.txt,.txt,244,42,0.860655737704918,0.860655737704918,0.0,0
534,a6c8ae27fa043b0ca5d291d8fef61b45_summary_en.txt,.txt,423,79,0.8274231678486997,0.8274231678486997,0.0,0
535,a4e063ed46c74dd830020f5246edd614.pdf,.pdf,2640,782,0.7651515151515151,0.743560606060606,0.02159090909090909,4
536,9ee59f1f19aca410c0c08f8b5def3561.pdf,.pdf,5379,1325,0.7863915225878416,0.7622234616099647,0.02416806097787693,8
537,f082d261856ab4f740974ca25b6a4fda.pdf,.pdf,13766,3899,0.6812436437599884,0.6523318320499782,0.02891181171001017,1
538,85a7762ffdba91c9b11b478fb106894a_summary_fr.txt,.txt,597,124,0.8324958123953099,0.8324958123953099,0.0,0
539,7fb5ad790148594edf594541cd8f7ec7.pdf,.pdf,3689,1058,0.7606397397668745,0.7392247221469233,0.021415017619951206,5
540,3d37ee43014d5f375f9e25746b4568c2_summary_en.txt,.txt,260,44,0.8538461538461538,0.8538461538461538,0.0,0
541,b21ed32cac4140449a8a99dddcd804ef.pdf,.pdf,10541,2985,0.7701356607532492,0.7452803339341618,0.024855326819087375,15
542,78199ce04a046cec1bbad1fc9bac50d6_summary_en.txt,.txt,152,39,0.8092105263157895,0.8092105263157895,0.0,0
543,bda604bc922c0bc7e121765183c31710.pdf,.pdf,9943,2813,0.7780347983505984,0.7538972141204868,0.024137584230111635,19
544,2281130745c882b033d82232cc47837f.pdf,.pdf,4191,1261,0.7652111667859699,0.740634693390599,0.024576473395371033,5
545,64a4abe44cbd8c8b1286fe6c5299bbfa.pdf,.pdf,11847,3271,0.7909175318646071,0.7671140373090234,0.02380349455558369,11
546,be94d80a0dd8b146d92fc7a2decf6db9.pdf,.pdf,22005,5648,0.7912747102931152,0.7813224267211998,0.009952283571915474,17
547,9e1a46edba0e6d5abed0462ec1e0a19d.pdf,.pdf,7177,2057,0.7836143235335098,0.7610422181970182,0.02257210533649157,7
548,da73df88b06e0646d3509a33287953ba.pdf,.pdf,9863,2826,0.7714691270404542,0.7459190915542938,0.0255500354861604,15
549,53d04f32e0163590885f609000064f41.pdf,.pdf,6184,2067,0.7542043984476067,0.7039133247089263,0.05029107373868046,12
550,9a4f27b1a8f825fdbc1ae699a9f53ce9.pdf,.pdf,906,276,0.7339955849889624,0.7041942604856513,0.029801324503311258,0
551,c1db537d59c5fe226d880d024fe30a34.pdf,.pdf,5500,1416,0.7563636363636363,0.7463636363636363,0.01,0
552,db6536ccab9a7255c2cb68dc00b51159.pdf,.pdf,2865,692,0.7134380453752182,0.6987783595113438,0.014659685863874346,0
553,6f5b71f2f110f5b0af01214e152bd6a3.pdf,.pdf,71522,19401,0.7410027683789603,0.720827158077235,0.020175610301725343,91
554,32ee72a6c48ad119a8748e1b975e8492_summary_en.txt,.txt,280,57,0.8142857142857143,0.8142857142857143,0.0,0
555,05978b467e82ef92032e5a532c8d641a.pdf,.pdf,6040,1515,0.7639072847682119,0.7427152317880795,0.02119205298013245,11
556,953c56c8a1d7f9d5b710111038aa7d3c.pdf,.pdf,5265,1410,0.7635327635327636,0.7475783475783476,0.015954415954415956,7
557,d5cf336ed4b7296cc7971bcb6f7f3b09_summary_en.txt,.txt,275,59,0.8109090909090909,0.8072727272727273,0.0036363636363636364,0
558,65719d05bc7236e7ae315c7eab6c2280_summary_en.txt,.txt,415,68,0.8433734939759037,0.8433734939759037,0.0,0
559,802208e6dc3f634e83f1c7dff031aabe_summary_fr.txt,.txt,468,122,0.7884615384615384,0.7649572649572649,0.023504273504273504,0
560,1c17806c7b022028b1b1338be71ca5e8.docx,.docx,1966,441,0.7863682604272635,0.7863682604272635,0.0,0
561,33f4883d8d8c56a98d3ae27c80f7e1be_summary_fr.txt,.txt,133,29,0.8195488721804511,0.8195488721804511,0.0,0
562,7869c646301fe82b50fc79cf0c1268c6_summary_fr.txt,.txt,635,135,0.8251968503937008,0.8251968503937008,0.0,0
563,2b9a69ac5eeadc0c455b5bda280f2b42_summary_fr.txt,.txt,259,58,0.8301158301158301,0.8301158301158301,0.0,0
564,63eb550c063fe80f29000c125e9bfb88_summary_en.txt,.txt,289,50,0.8373702422145328,0.8373702422145328,0.0,0
565,42f2cc2ffab0e35fd3d99b52e92cd72c_summary_en.txt,.txt,416,80,0.8149038461538461,0.8149038461538461,0.0,0
566,21737be5e605907437c481f7e59d2567.pdf,.pdf,14042,3739,0.7830793334282866,0.7655604614727247,0.017518871955561885,16
567,642f2e1f8204bdbae674f5c6f647b1c2_summary_fr.txt,.txt,267,55,0.8352059925093633,0.8352059925093633,0.0,0
568,8dd75b8a1b9fcb3d6172c6dc602821e8_summary_fr.txt,.txt,493,111,0.8073022312373225,0.8012170385395537,0.006085192697768763,0
569,e48eb290f5924ec2682d5c6fc418785a.pdf,.pdf,12589,3404,0.786321391691159,0.7670982603860513,0.019223131305107635,16
570,7e02607fb3c4550a3c29eeaa830e5b05_summary_en.txt,.txt,225,43,0.8533333333333334,0.8533333333333334,0.0,0
571,ab78fcf1c8d6b6a7f2361bf27d8a25e8_summary_en.txt,.txt,587,108,0.8296422487223168,0.8296422487223168,0.0,0
572,9a4f27b1a8f825fdbc1ae699a9f53ce9_summary_fr.txt,.txt,436,100,0.8096330275229358,0.8073394495412844,0.0022935779816513763,0
573,eda9a30d749f908683df10513ec073e3_summary_fr.txt,.txt,827,161,0.8391777509068924,0.8391777509068924,0.0,0
574,843c4dbeb0d3145b5f45c29d6a889db6_summary_fr.txt,.txt,497,125,0.8169014084507042,0.8028169014084507,0.014084507042253521,0
575,d766c4f37a0ccdc764f78c8d11bcca86.pdf,.pdf,3313,904,0.7745246000603683,0.7615454271053426,0.012979172955025656,0
576,b64510c3efe1bd8561209c6997218201.pdf,.pdf,12222,3476,0.7761413843888071,0.7547046309932908,0.021436753395516282,34
577,62f68d7170121d6227cb593f89c960bc_summary_fr.txt,.txt,244,59,0.8278688524590164,0.8278688524590164,0.0,0
578,ab2f74215aed2cf1b9a1f47ce8ecdb67.pdf,.pdf,10973,2834,0.7820103891369725,0.7605030529481455,0.021507336188827123,46
579,87ea87487a2663553433497c7b0a4f17.pdf,.pdf,7328,1918,0.7513646288209607,0.7299399563318777,0.02142467248908297,4
580,f3ea0f33d70fae83b5b7e56f5505faa8_summary_en.txt,.txt,371,71,0.8247978436657682,0.8247978436657682,0.0,0
581,3b939888903c18b49ba294e1df660d22.pdf,.pdf,17541,5607,0.7676871330026794,0.7347357619291944,0.032951371073484975,21
582,2f6d7d52689c228e889d5e081ba3c72a.pdf,.pdf,7462,2159,0.7539533637094613,0.7342535513267221,0.019699812382739212,0
583,b928e9ff34d630b29630eb3b2fe30c60_summary_en.txt,.txt,340,59,0.8441176470588235,0.8441176470588235,0.0,0
584,ff51f9376a472427cd101274e5469d68.pdf,.pdf,34808,9826,0.7878074005975638,0.7656860491840957,0.022121351413468167,42
585,e48eb290f5924ec2682d5c6fc418785a_summary_fr.txt,.txt,278,53,0.8345323741007195,0.8345323741007195,0.0,0
586,9d845d86d85b67529ae6d9327e504182.pdf,.pdf,12132,2945,0.7952522255192879,0.7786020441806792,0.016650181338608638,12
587,b71124c132cc3433002c5d623884a5b8_summary_en.txt,.txt,443,82,0.8261851015801355,0.8261851015801355,0.0,0
588,e2c22a34085297124a085ddcda8418aa_summary_fr.txt,.txt,850,231,0.8070588235294117,0.7811764705882352,0.02588235294117647,0
589,57a4f2800a7a255621419b3230964d99_summary_fr.txt,.txt,190,44,0.8210526315789474,0.8210526315789474,0.0,0
590,1392eef3faa8f83e8df65299f328427f.pdf,.pdf,191054,69978,0.7494163953646613,0.6721084091408712,0.07730798622379013,222
591,8a42755018b489af27b83d5d700606ed.pdf,.pdf,2532,714,0.7618483412322274,0.7373617693522907,0.02448657187993681,4
592,4422d72dc385850c30699c534368b41b_summary_en.txt,.txt,264,74,0.803030303030303,0.7613636363636364,0.041666666666666664,0
593,46a313db6279d7bba0e1413f197d59fa.pdf,.pdf,29428,7696,0.8171809161342939,0.8029767568302297,0.014204159304064157,6
594,610b28017b5d8f296778d87377c23b9e_summary_en.txt,.txt,463,80,0.8444924406047516,0.8444924406047516,0.0,0
595,89e530e78ab71ad88cbd7c5bd74d4bb5.pdf,.pdf,55445,13160,0.6962755884209577,0.6723239246099738,0.023951663810983858,110
596,2875ec9dd8b441625b1850542142b9f9.pdf,.pdf,101720,26299,0.672021234762092,0.6417616987809673,0.030259535981124654,201
597,f41d3004703ead6ac5010377ad25edb6.pdf,.pdf,70459,17366,0.7425453100384621,0.721355682027846,0.021189628010616104,106
598,b21ed32cac4140449a8a99dddcd804ef_summary_fr.txt,.txt,149,26,0.8523489932885906,0.8523489932885906,0.0,0
599,64353226b6e3a5df8a0f08635b04432c.pdf,.pdf,5178,1370,0.7752027809965237,0.7568559289300888,0.018346852066434917,8
600,17d494d541f3f7a7d3b16b5cb0663752_summary_fr.txt,.txt,544,147,0.8069852941176471,0.7959558823529411,0.011029411764705883,0
601,87e5c207bbf7db2c54702ed43caed409.pdf,.pdf,6299,1567,0.7678996666137482,0.7483727575805683,0.01952690903317987,10
602,a73bafee6ad437f5c24dbadd8d83ddc6_summary_fr.txt,.txt,322,68,0.8229813664596274,0.8229813664596274,0.0,0
603,2281130745c882b033d82232cc47837f_summary_fr.txt,.txt,385,83,0.8311688311688312,0.8311688311688312,0.0,0
604,3fb091edf0ab939eec5e1ea848ff2428_summary_fr.txt,.txt,1150,286,0.8139130434782609,0.8139130434782609,0.0,0
605,034b70f000321618d8a30c8b8a1144c1_summary_en.txt,.txt,321,78,0.8286604361370716,0.794392523364486,0.03426791277258567,0
606,237afd76ec365244e94396095d2d95ab.pdf,.pdf,5652,1452,0.7857395612172682,0.752830856334041,0.032908704883227176,10
607,6cdf0c8f97e8f7e9db5772b907a5138b.pdf,.pdf,1330,467,0.6909774436090226,0.6518796992481203,0.039097744360902256,3
608,18cff7a2174a6227d4828c495634b038.pdf,.pdf,7243,1795,0.782410603341157,0.7659809471213586,0.016429656219798427,12
609,2b8d809694effac8cf2516dd44746671_summary_en.txt,.txt,1050,281,0.8028571428571428,0.7685714285714286,0.03428571428571429,0
610,55a742c66d5e6e7f49f7ab76d279dd76_summary_fr.txt,.txt,166,40,0.8313253012048193,0.8313253012048193,0.0,0
611,5e43615048734eb7baaba434ce9972fe_summary_en.txt,.txt,59,21,0.8305084745762712,0.6949152542372882,0.13559322033898305,0
612,3b66dd749a5ee2b13782504fb4867622_summary_en.txt,.txt,183,36,0.8415300546448088,0.8415300546448088,0.0,0
613,0aa7b08975e773a11082d5a41fa70766_summary_fr.txt,.txt,301,91,0.8073089700996677,0.770764119601329,0.036544850498338874,0
614,f41d3004703ead6ac5010377ad25edb6_summary_en.txt,.txt,654,220,0.7859327217125383,0.7048929663608563,0.08103975535168195,0
615,a73bafee6ad437f5c24dbadd8d83ddc6.pdf,.pdf,22575,6633,0.7677076411960133,0.7440531561461794,0.023654485049833886,16
616,45249795a9e832d10139d65826c42908_summary_en.txt,.txt,234,42,0.8418803418803419,0.8418803418803419,0.0,0
617,150dfc12f35b5b33405d08417c03fca3_summary_en.txt,.txt,777,147,0.8275418275418276,0.8275418275418276,0.0,0
618,c8db05f91c0711cb0319837a407bc637_summary_fr.txt,.txt,455,105,0.8307692307692308,0.8307692307692308,0.0,0
619,6be17d64d7520bb41e90dbe3ed92a973.pdf,.pdf,4557,1319,0.7647575159095896,0.739521615097652,0.02523590081193768,9
620,7b3a7555a7ca66d65a31ff4058ad3d25.pdf,.pdf,9078,2337,0.7845340383344349,0.7617316589557172,0.02280237937871778,21
621,ab8bde56e0d887219dddbf9a8a0b0496.pdf,.pdf,16479,4473,0.7801444262394562,0.754171976454882,0.025972449784574306,34
